"","V1","V2","V3","V4","V5","V6","V7","V8","V9","V10","V11","V12","V13","V14","V15","V16","V17","V18","V19","V20","V21","V22","V23","V24","V25","V26","V27","V28","V29","V30","V31","V32","V33","V34","V35"
"1",0,1,1,1,0,1,1,0,0,1,1,1,1,0,1,1,1,0,1,1,0,0,0,1,1,1,1,0,1,1,4,4,5,5,3
"2",1,1,0,1,0,0,1,0,0,0,0,1,0,0,0,0,1,1,0,0,0,1,0,0,0,0,0,0,0,1,2,3,2,3,3
"3",1,1,0,1,0,0,1,0,0,0,1,1,1,0,0,0,0,0,1,1,0,0,0,0,0,1,1,0,0,1,3,3,1,5,3
"4",1,1,1,1,0,1,1,0,1,0,1,1,1,1,0,0,0,0,1,1,0,1,0,1,1,1,1,0,1,1,4,4,5,2,5
"5",1,1,1,1,1,1,1,1,1,0,1,1,1,1,1,1,1,0,1,1,1,0,1,1,1,1,1,1,1,1,4,4,5,5,4
"6",1,1,1,0,1,0,1,1,1,1,1,0,1,0,1,1,0,0,1,1,0,1,0,1,1,0,1,0,1,1,3,4,4,5,4
"7",1,1,0,0,0,0,1,1,1,0,1,1,1,1,1,1,0,0,1,1,0,0,1,1,1,0,1,1,1,1,5,5,5,4,3
"8",1,1,1,1,1,1,1,1,1,0,1,1,1,1,1,1,1,0,1,1,0,1,1,1,1,1,1,1,1,1,4,5,5,5,5
"9",0,1,0,1,0,1,1,0,1,1,0,0,1,0,1,0,1,0,0,1,0,1,0,0,0,1,1,0,1,1,3,3,3,5,3
"10",1,1,1,1,1,1,1,1,1,1,1,1,1,1,1,1,1,1,1,1,0,0,1,1,1,1,1,1,1,1,5,4,5,5,4
"11",1,1,1,1,1,1,1,1,1,0,1,1,1,1,1,1,0,1,1,1,1,0,1,1,1,1,1,1,1,1,5,5,5,5,4
"12",1,1,1,0,1,1,1,1,0,1,1,1,1,0,0,1,0,0,1,1,0,1,0,1,1,1,1,1,1,1,5,5,5,5,4
"13",1,0,0,0,0,0,1,0,0,0,0,1,1,1,1,0,1,0,0,0,0,0,0,0,1,0,1,1,1,1,4,4,5,3,4
"14",1,1,0,0,1,1,1,1,1,0,1,1,1,1,1,1,1,0,0,1,1,1,1,1,1,1,1,1,1,1,5,5,5,5,5
"15",1,1,0,0,0,0,1,0,0,1,0,0,1,0,0,0,1,0,0,1,0,1,0,1,1,0,1,1,1,0,3,4,1,2,3
"16",0,1,1,1,1,0,1,0,1,1,1,1,1,1,1,1,0,0,1,1,1,1,1,1,1,1,1,1,1,1,5,4,5,5,5
"17",0,0,0,0,0,0,1,1,0,1,0,1,1,1,1,1,1,0,0,1,0,1,0,0,1,0,1,0,0,1,3,3,2,3,1
"18",1,0,0,0,1,1,1,1,0,1,0,1,1,0,1,0,1,0,1,1,0,1,1,1,1,0,1,1,1,1,3,5,4,5,4
"19",1,1,0,1,1,0,1,0,1,0,1,1,1,1,1,1,0,0,1,1,0,1,1,1,1,0,1,1,1,1,4,4,3,5,3
"20",1,1,1,1,1,1,1,1,1,0,1,1,1,1,1,1,0,0,1,1,0,0,1,1,1,0,1,1,1,1,5,5,3,5,4
"21",1,1,1,1,1,0,1,1,1,0,1,1,1,1,1,1,1,1,1,1,0,1,1,1,1,1,1,1,1,1,5,5,5,5,5
"22",0,0,0,0,0,0,1,0,0,1,0,0,1,1,0,0,1,0,0,0,0,1,0,1,0,0,1,1,1,1,4,3,5,1,1
"23",1,1,1,1,1,1,1,1,1,0,1,1,1,1,1,1,1,1,1,1,1,1,1,1,1,1,1,1,1,1,5,5,4,5,5
"24",1,1,0,1,1,0,1,1,1,0,1,1,1,0,1,0,1,0,0,1,0,1,0,1,1,1,1,0,1,1,3,5,5,1,5
"25",0,0,0,0,0,0,1,0,0,0,0,1,0,0,0,0,1,0,0,0,0,0,0,0,0,1,1,0,0,0,3,2,1,5,2
"26",1,1,0,1,1,0,1,0,1,0,1,1,1,0,1,0,1,0,1,1,0,0,0,1,1,0,1,0,1,1,5,4,5,5,3
"27",1,0,0,0,0,0,1,0,0,0,1,1,0,0,0,0,0,0,0,0,1,1,0,1,0,0,1,0,1,0,2,3,4,5,4
"28",1,1,0,1,0,1,1,0,1,1,1,1,1,1,1,1,1,0,0,1,0,0,1,1,1,0,1,0,1,1,4,4,4,2,4
"29",1,1,1,0,0,0,1,1,1,1,1,1,1,0,1,1,1,0,0,1,1,1,0,1,1,0,1,0,1,1,4,4,5,5,5
"30",1,0,0,0,0,0,1,1,0,0,0,0,1,0,1,0,1,0,0,1,0,1,0,0,0,0,0,1,0,1,3,3,3,5,5
"31",1,1,1,1,1,0,1,1,1,0,1,1,1,1,1,1,0,1,1,1,0,1,1,1,1,1,1,0,1,1,5,5,5,5,4
"32",0,1,1,0,1,0,1,1,1,1,1,1,1,1,1,0,1,0,1,0,0,1,1,1,1,1,1,0,1,1,3,4,5,2,4
"33",1,1,0,0,1,1,1,1,1,0,0,1,1,1,1,0,0,0,0,1,0,0,0,1,1,1,1,0,1,1,5,3,5,5,5
"34",1,0,0,0,0,0,1,0,0,1,1,0,1,0,0,0,0,0,0,0,0,0,0,0,0,0,1,0,0,1,3,2,5,2,2
"35",1,1,1,0,1,0,1,1,1,0,1,1,1,0,1,1,0,0,1,0,0,0,1,1,1,0,1,0,1,0,2,4,2,3,4
"36",1,1,1,1,1,0,1,1,1,1,1,1,1,1,1,1,0,0,0,1,0,0,0,1,1,0,1,0,1,1,3,4,5,5,2
"37",0,1,1,0,1,0,1,0,1,1,1,1,1,0,1,0,1,0,0,0,0,0,0,1,1,0,1,0,1,1,3,3,5,4,3
"38",0,1,1,0,0,1,1,0,0,0,0,1,1,1,0,0,0,0,0,1,0,0,0,0,1,0,1,1,0,1,3,2,5,1,3
"39",1,0,0,0,0,1,0,0,0,1,0,0,0,0,0,0,1,0,0,0,0,0,0,0,0,1,1,0,0,0,4,3,3,2,3
"40",0,0,0,0,0,1,0,0,0,0,1,1,0,1,1,0,1,0,1,0,0,0,0,0,0,0,1,0,1,0,3,4,5,3,1
"41",1,1,1,0,1,1,1,1,1,1,1,1,1,1,1,1,0,0,0,1,1,0,1,1,1,0,1,1,1,1,4,4,3,1,4
"42",0,0,0,0,0,1,1,0,0,0,1,0,0,0,0,0,1,0,0,0,0,0,0,0,0,0,1,0,0,0,1,1,1,1,1
"43",1,1,1,0,0,0,1,0,0,0,1,1,0,0,1,0,0,0,1,0,0,0,0,0,1,0,1,0,1,1,4,3,5,2,1
"44",1,1,0,0,1,1,1,0,1,1,1,1,1,0,1,0,1,0,1,0,0,1,1,1,1,1,1,0,1,1,3,4,3,4,4
"45",1,0,0,0,0,0,1,0,0,0,1,1,1,0,1,0,1,0,0,0,0,0,0,1,1,1,1,0,1,1,4,3,5,4,4
"46",1,1,1,0,1,0,1,1,1,0,1,1,1,1,1,1,0,0,1,1,0,1,1,1,1,1,1,1,1,1,5,5,5,5,5
"47",0,0,0,0,0,0,0,0,0,1,0,1,0,0,0,0,1,0,0,1,0,1,0,1,0,1,1,0,0,0,2,1,3,1,1
"48",1,1,1,1,1,1,1,1,1,0,1,1,1,1,1,1,0,0,1,1,1,1,1,1,1,0,1,1,1,1,5,5,5,5,5
"49",1,1,0,0,0,0,1,0,1,1,1,1,1,0,1,1,1,1,1,0,0,0,0,1,1,1,1,0,1,1,4,4,5,2,4
"50",1,1,0,0,0,1,1,0,1,0,1,0,1,0,1,1,0,0,0,0,0,0,0,1,1,0,1,0,1,1,3,4,5,4,3
"51",1,1,1,0,1,1,1,1,1,0,1,1,1,1,1,1,0,1,0,1,0,1,0,1,1,0,1,0,1,1,4,4,5,5,4
"52",1,1,0,1,0,1,1,0,1,1,0,1,1,1,1,1,0,0,1,1,0,0,0,1,1,1,1,1,1,1,4,5,4,5,5
"53",1,1,1,0,1,1,1,1,1,0,1,1,1,1,1,1,0,1,1,1,1,0,1,1,1,0,1,1,1,1,5,5,5,5,5
"54",1,1,1,1,1,1,1,1,1,0,1,1,1,1,1,1,0,1,1,1,1,1,1,1,1,1,1,1,1,1,5,5,5,5,5
"55",0,0,0,0,0,0,1,0,0,0,1,0,1,0,0,0,1,0,1,0,0,1,0,0,0,0,1,0,0,0,2,1,2,1,1
"56",1,1,1,1,1,0,1,0,1,1,1,1,1,1,1,1,0,0,1,1,0,1,1,1,1,1,1,1,1,1,5,5,3,5,5
"57",0,1,1,0,0,0,0,0,0,1,0,1,1,1,0,0,0,0,0,0,0,1,0,1,0,1,1,0,0,0,2,2,5,2,1
"58",0,1,0,1,1,1,1,1,1,1,1,0,1,1,1,0,0,0,1,1,0,0,0,1,1,0,1,0,1,1,4,3,3,4,3
"59",0,0,0,0,0,0,0,0,0,1,0,0,0,0,1,0,1,0,0,0,0,0,0,1,1,1,1,1,0,1,3,3,3,4,1
"60",1,0,1,0,1,0,1,1,1,1,1,0,1,1,1,1,0,0,1,1,0,0,0,1,1,0,1,1,1,1,4,5,5,5,4
"61",1,1,1,1,1,0,1,1,1,0,1,1,1,1,1,0,0,1,1,1,0,1,1,1,1,1,1,1,1,1,5,5,4,5,3
"62",1,1,1,0,0,1,0,0,0,0,0,0,1,0,1,0,1,0,0,0,0,1,0,1,0,0,1,1,1,0,3,3,1,2,2
"63",1,1,0,1,1,0,1,0,1,0,1,1,1,1,1,1,0,0,1,1,0,1,1,1,1,0,1,1,1,1,5,5,5,5,4
"64",1,1,0,1,1,1,1,1,1,1,1,1,1,1,0,0,1,0,1,1,0,0,1,1,1,0,1,0,1,1,4,4,5,5,3
"65",1,0,0,0,0,1,1,1,0,0,1,0,1,0,0,0,0,0,0,0,0,0,1,0,0,0,1,0,0,0,3,3,5,2,2
"66",0,1,0,1,1,1,1,1,1,0,1,1,1,1,1,1,0,0,0,1,0,1,1,1,1,0,1,1,1,1,4,4,5,5,4
"67",1,1,0,0,0,0,1,0,0,1,0,1,0,0,0,0,1,0,0,0,0,1,0,1,0,0,1,0,1,1,2,3,4,5,2
"68",1,1,0,0,0,1,1,0,1,0,1,1,1,0,0,0,1,0,1,1,0,0,0,1,0,1,1,0,1,1,3,3,5,5,3
"69",1,1,0,1,1,1,1,1,1,0,1,0,1,0,1,0,0,0,1,0,0,1,0,1,1,0,1,0,0,1,4,4,3,5,3
"70",1,0,1,0,0,0,1,0,0,0,0,0,1,0,0,0,1,0,0,0,0,0,1,1,0,0,0,0,0,1,3,3,3,2,3
"71",1,0,0,0,0,0,0,0,1,0,1,1,1,0,1,0,0,0,0,0,0,0,0,1,1,0,1,0,1,1,3,2,2,1,3
"72",0,0,0,0,0,0,0,1,0,0,0,0,1,0,0,0,1,1,0,1,0,0,0,0,0,0,0,0,0,0,1,1,2,1,1
"73",1,1,0,0,0,0,1,0,0,0,0,1,1,0,1,0,1,0,0,0,0,0,0,1,1,1,1,0,0,1,3,3,1,5,3
"74",0,1,0,1,1,1,1,1,1,0,0,1,1,1,1,1,0,0,0,1,0,0,0,1,1,0,1,1,1,1,4,4,5,3,4
"75",1,1,0,0,0,1,1,1,1,1,1,1,1,1,1,0,0,1,1,1,0,1,1,1,1,0,1,1,1,1,5,4,5,4,4
"76",0,1,0,0,0,0,0,0,0,1,0,1,1,0,0,0,0,0,1,0,0,0,0,0,1,0,1,0,0,1,4,3,1,2,4
"77",1,1,0,1,0,1,1,0,1,1,0,1,1,0,1,0,0,0,0,1,0,1,0,1,1,0,1,0,0,1,4,4,5,5,3
"78",1,0,1,0,0,0,1,0,0,0,0,0,0,0,0,0,1,0,1,0,0,0,0,0,0,0,1,0,1,0,2,3,4,2,2
"79",1,1,0,1,0,1,1,1,0,1,1,1,1,1,1,0,1,0,1,1,0,0,0,1,1,0,1,0,1,1,4,3,5,5,2
"80",1,1,1,0,1,1,1,1,1,1,1,1,1,1,1,1,0,0,0,1,1,0,1,1,1,1,1,1,1,1,4,5,4,5,2
"81",1,1,0,0,1,0,1,0,0,1,1,0,1,0,0,0,0,0,1,0,1,0,1,1,0,1,1,0,1,1,4,4,5,5,3
"82",0,1,0,0,1,0,1,0,0,1,1,1,1,0,1,1,0,0,0,0,0,1,1,0,1,1,1,1,0,1,3,4,5,5,4
"83",1,1,0,0,1,1,1,1,1,0,0,1,1,1,1,1,0,0,1,1,0,0,0,1,1,0,1,1,1,1,5,4,5,5,4
"84",1,0,0,0,0,1,0,0,0,0,0,0,1,0,1,0,1,0,1,0,0,0,0,0,0,1,1,0,1,1,3,3,3,1,3
"85",1,1,0,0,1,0,1,1,1,0,1,1,1,0,1,0,0,1,1,0,0,0,0,1,1,1,1,0,1,1,3,4,3,4,2
"86",0,1,0,0,0,0,1,0,1,0,1,1,1,1,1,0,1,0,0,1,0,0,0,1,1,0,1,0,1,1,3,4,5,2,2
"87",1,1,1,1,1,1,1,1,1,0,1,1,1,1,1,1,0,0,1,1,1,1,1,1,1,1,1,1,1,1,4,5,5,5,5
"88",1,1,1,1,1,1,1,1,1,0,1,1,1,1,1,1,1,1,1,1,1,0,1,1,1,1,1,1,1,1,5,5,5,5,3
"89",0,1,0,0,0,0,1,1,0,1,0,1,1,0,1,0,0,0,1,0,0,1,0,1,1,0,1,0,0,0,3,3,3,2,3
"90",1,1,0,0,0,0,1,0,1,0,0,1,1,1,1,0,0,0,0,0,0,1,0,1,1,1,1,0,0,1,2,3,2,2,3
"91",0,0,0,0,1,1,1,1,0,1,1,1,1,0,0,0,1,0,0,0,0,1,0,1,0,0,1,0,1,1,4,3,3,5,2
"92",1,1,0,0,0,0,1,0,1,1,1,1,1,0,0,1,0,0,0,0,0,0,1,1,1,1,1,0,1,1,3,4,5,5,4
"93",0,1,0,0,0,1,1,1,0,0,0,0,0,1,0,0,1,0,0,0,0,0,0,0,1,0,1,0,1,1,3,1,1,1,1
"94",1,1,0,1,1,1,1,1,1,1,1,1,1,1,1,1,1,0,0,1,1,0,0,1,1,1,1,0,1,1,4,4,4,5,4
"95",1,1,1,0,1,1,1,1,0,0,1,1,1,0,1,1,1,0,1,1,1,0,1,1,1,0,1,1,1,1,4,5,4,5,5
"96",0,0,0,0,0,0,1,0,0,0,0,1,1,0,0,0,1,0,1,0,0,0,0,0,0,0,1,0,0,1,3,3,2,4,3
"97",1,1,0,0,0,0,1,0,0,1,0,1,1,0,1,0,1,0,1,0,0,0,0,0,0,0,0,0,0,1,5,2,5,2,1
"98",0,0,0,0,0,0,1,0,0,0,0,1,1,0,1,0,1,0,0,1,0,1,0,0,1,0,1,0,1,1,3,4,5,3,3
"99",0,1,1,1,1,0,1,1,1,0,0,1,1,1,1,1,0,0,1,1,0,1,0,1,1,1,1,0,1,1,4,3,3,4,4
"100",0,0,0,0,1,0,0,0,0,0,0,0,1,0,1,0,0,0,0,0,0,0,0,1,0,1,1,0,0,1,4,4,2,3,5
"101",1,1,1,1,1,0,1,1,1,0,1,1,1,1,1,1,1,0,1,1,1,1,1,1,1,1,1,1,1,1,5,5,5,5,5
"102",1,1,0,1,0,0,1,0,1,1,0,0,1,0,1,1,0,0,1,0,0,1,0,1,1,0,1,0,1,1,4,4,5,4,5
"103",1,1,0,1,1,0,1,1,1,0,1,0,1,0,1,0,0,0,1,1,0,1,0,1,1,0,1,1,1,1,3,4,5,2,5
"104",1,1,1,1,1,1,1,1,1,0,1,1,1,1,1,1,0,1,1,1,0,1,1,1,1,0,1,1,1,1,5,5,5,5,5
"105",0,0,0,0,0,0,0,1,0,0,0,1,0,1,0,0,0,0,0,0,0,0,0,0,1,0,1,0,0,1,2,2,3,3,3
"106",0,1,0,0,0,0,1,0,1,0,0,1,1,0,1,0,1,0,0,0,0,0,0,0,1,0,1,0,0,1,3,3,3,3,1
"107",1,1,0,1,1,0,1,0,1,0,0,1,1,0,1,0,1,0,1,1,0,0,0,1,1,1,1,0,1,0,4,3,5,5,3
"108",1,1,1,1,0,0,1,0,1,0,1,0,1,1,1,0,1,0,1,1,0,1,1,1,1,0,1,1,1,1,4,5,5,2,5
"109",1,0,1,1,1,0,0,0,0,1,0,1,1,0,1,0,1,0,0,1,0,1,0,1,0,0,1,0,0,0,4,3,4,3,1
"110",1,1,0,0,0,0,1,0,0,0,1,0,0,1,0,0,0,0,1,0,0,0,0,1,1,0,1,0,1,1,4,3,3,2,1
"111",1,0,0,0,1,0,1,1,1,0,1,0,1,1,1,1,0,0,0,1,0,1,0,1,1,0,1,0,1,1,3,4,3,5,3
"112",1,1,1,1,1,1,1,1,1,1,1,1,1,1,1,1,1,0,0,1,0,0,0,1,1,0,1,1,1,1,5,5,5,5,3
"113",0,0,0,0,0,0,1,0,1,1,1,1,1,0,1,0,0,0,0,0,0,1,0,1,1,0,1,0,1,1,4,3,5,4,4
"114",1,1,0,0,0,0,1,0,1,1,1,1,1,0,1,1,0,0,0,1,0,0,0,0,1,0,0,0,1,1,5,5,5,5,5
"115",1,1,1,1,1,1,1,0,1,0,1,1,1,1,1,1,1,0,1,1,0,0,1,1,1,1,1,1,1,1,4,5,4,5,5
"116",1,1,1,1,1,0,1,0,1,0,1,1,1,1,1,1,0,0,1,1,0,0,0,1,1,1,1,0,1,1,5,4,5,5,4
"117",1,0,0,1,0,0,1,0,1,1,0,1,1,1,0,0,1,0,0,0,0,0,0,1,0,0,1,0,0,0,3,3,5,1,4
"118",1,1,1,1,0,0,1,0,1,0,1,1,1,1,1,0,1,0,0,1,0,0,0,1,1,0,1,1,1,1,3,3,5,5,3
"119",1,0,1,1,1,0,1,1,1,0,1,1,1,1,1,1,0,0,1,1,0,0,1,1,1,1,1,1,1,1,4,5,5,5,3
"120",0,1,0,0,0,0,0,0,0,0,0,0,0,0,1,0,1,0,0,0,0,0,0,0,0,0,0,0,0,0,1,1,1,1,1
"121",1,1,0,0,1,1,1,1,1,1,0,1,1,1,1,0,0,0,0,1,0,0,0,1,1,1,1,1,1,1,4,4,5,5,5
"122",1,0,0,0,0,1,1,1,0,0,0,1,1,1,1,0,1,0,0,1,0,1,0,1,1,0,1,0,1,0,3,5,5,3,3
"123",1,1,0,1,1,1,1,1,1,1,1,0,1,0,1,1,1,1,1,0,0,0,1,1,1,0,1,0,1,1,4,4,5,5,3
"124",0,1,0,1,1,0,1,1,1,1,0,1,1,1,1,0,1,0,1,1,0,1,0,1,1,0,1,0,1,1,3,4,3,5,3
"125",1,1,1,0,1,0,1,1,0,1,1,1,1,1,0,1,1,0,0,1,0,1,0,1,1,0,1,0,1,1,4,4,5,5,5
"126",0,0,0,0,0,0,1,0,0,0,0,1,1,0,0,0,1,0,0,0,0,0,0,0,0,1,1,0,1,0,4,3,5,3,2
"127",0,0,1,0,0,0,0,0,0,0,1,0,1,0,0,0,1,0,0,0,0,1,0,0,0,0,1,0,1,1,2,1,2,1,4
"128",1,1,1,1,1,1,1,0,1,0,1,1,1,1,1,1,1,0,1,1,0,1,0,1,1,0,1,1,1,1,4,5,5,5,5
"129",1,1,1,1,0,1,1,0,0,0,0,0,1,0,1,0,1,0,1,1,0,1,0,1,0,0,1,0,1,1,1,3,3,5,2
"130",0,1,0,0,0,0,1,0,0,0,0,1,0,0,1,0,1,0,0,0,0,1,0,1,0,0,1,0,1,1,3,2,1,2,1
"131",1,1,0,0,0,0,1,0,0,1,1,0,1,1,0,1,1,1,1,0,0,1,0,0,0,0,1,0,1,1,3,3,2,3,1
"132",1,1,1,0,1,0,1,0,0,1,0,1,1,0,1,0,1,1,1,1,0,1,0,1,1,0,1,0,1,1,3,5,5,4,4
"133",0,0,0,0,0,0,1,1,0,1,0,1,0,0,1,0,0,0,0,1,0,0,0,1,0,1,1,0,0,0,3,3,5,4,2
"134",1,1,1,1,1,0,1,1,1,0,1,1,1,1,1,1,0,0,1,1,0,1,0,1,1,1,1,1,1,1,4,5,5,5,5
"135",0,0,0,0,0,1,0,0,0,0,1,0,0,0,0,0,1,0,0,0,0,1,0,0,0,0,0,0,0,0,2,1,3,1,1
"136",1,1,1,0,1,1,1,1,1,0,1,1,1,1,1,1,0,0,1,1,1,1,1,1,1,1,1,1,1,1,5,5,5,5,4
"137",0,0,0,0,0,0,1,0,0,1,1,0,1,0,0,0,0,0,0,0,0,0,0,1,1,1,1,0,0,1,3,1,4,3,3
"138",1,1,0,0,0,0,0,0,0,0,1,0,0,0,0,0,1,0,0,0,0,1,0,0,0,0,0,0,0,0,2,1,1,2,1
"139",1,1,1,0,0,0,1,0,0,0,0,0,1,1,0,0,1,0,0,0,0,1,0,0,0,1,0,1,0,0,2,2,1,1,1
"140",1,0,0,0,0,1,1,0,0,0,0,1,1,0,1,0,1,0,0,0,0,0,0,0,0,0,1,1,1,0,2,3,5,2,3
"141",1,1,0,1,1,1,1,1,1,1,1,0,1,0,1,1,1,0,1,1,0,0,0,1,1,1,1,0,1,1,4,5,5,2,4
"142",1,1,0,0,0,0,0,0,0,0,1,1,0,0,1,0,1,0,0,1,0,0,0,1,0,0,1,0,0,1,3,3,5,4,1
"143",1,1,0,0,1,0,1,0,0,0,1,1,1,0,1,0,1,0,0,0,0,0,0,1,1,0,1,0,0,1,4,4,3,5,4
"144",1,1,1,1,1,0,1,1,1,0,1,1,1,1,1,1,0,0,1,1,1,1,1,1,1,1,1,1,1,1,5,5,5,5,4
"145",0,0,0,0,0,0,1,1,0,0,0,1,1,1,0,0,0,0,0,1,0,1,0,0,0,0,1,1,0,1,3,3,5,3,5
"146",1,1,0,0,0,0,1,1,1,1,1,1,1,0,1,0,0,0,1,1,0,0,0,1,1,0,1,0,1,1,4,3,2,2,4
"147",1,1,1,1,1,1,1,1,1,0,1,1,1,1,1,1,0,1,1,1,0,1,1,1,1,1,1,1,1,1,5,5,5,5,5
"148",1,1,0,0,0,1,1,0,0,1,1,1,1,0,1,1,0,0,0,1,0,0,0,1,1,0,1,0,1,1,4,3,3,5,3
"149",1,1,0,1,1,0,1,1,0,0,0,1,1,1,1,1,0,1,0,1,0,0,0,1,1,1,1,0,1,1,4,4,5,4,2
"150",0,0,0,0,0,0,1,0,0,0,0,0,0,0,0,0,0,0,0,0,1,1,0,0,0,0,0,0,0,1,3,2,3,2,3
"151",1,0,0,0,0,0,0,0,0,1,0,1,1,0,1,1,0,0,0,0,0,1,0,1,0,0,1,0,0,0,2,3,2,4,2
"152",1,1,1,0,0,0,1,1,0,0,1,1,1,0,0,0,1,0,0,0,0,0,0,0,0,0,0,0,1,1,1,3,2,3,3
"153",1,1,1,1,1,1,1,1,1,0,1,1,1,1,1,1,0,0,1,1,1,1,1,1,1,1,1,1,1,1,5,5,5,5,5
"154",1,1,0,0,0,0,1,1,0,1,0,0,1,1,1,1,0,0,1,1,0,1,0,1,1,0,1,0,1,1,3,2,3,4,5
"155",0,1,1,0,1,0,1,1,1,0,0,1,1,0,1,0,1,0,0,1,0,0,0,1,1,0,1,0,1,1,4,5,5,2,3
"156",0,1,0,0,0,0,0,0,0,1,0,0,0,0,1,0,1,0,1,1,0,0,1,0,0,0,1,1,0,0,3,3,3,3,2
"157",1,1,0,0,1,1,1,1,1,1,1,0,1,1,1,0,0,0,1,0,0,1,0,1,1,0,1,0,1,0,4,4,3,5,5
"158",1,1,1,1,1,1,1,1,1,0,1,1,1,1,1,1,0,1,1,1,1,1,1,1,1,1,1,1,1,1,5,5,5,5,5
"159",1,1,0,0,0,0,1,1,1,1,0,0,1,1,1,1,0,0,1,1,0,1,1,1,1,1,1,0,1,1,4,4,3,5,3
"160",0,0,0,0,0,0,0,0,0,0,0,0,1,0,0,0,1,0,0,0,0,0,0,0,0,0,1,0,0,0,3,2,4,3,2
"161",1,1,1,1,1,1,1,1,1,0,1,1,0,1,1,1,0,1,1,1,0,0,0,1,1,0,1,0,1,1,5,4,5,2,5
"162",1,1,0,1,0,1,1,0,1,1,1,1,1,1,1,1,1,1,1,0,0,1,0,1,1,0,1,0,1,1,5,4,5,4,4
"163",1,1,0,0,1,0,1,0,0,0,1,1,1,0,0,0,0,0,0,0,0,0,0,1,1,0,1,0,1,1,3,3,5,3,2
"164",1,0,0,0,0,0,1,0,0,0,0,0,0,0,0,1,0,0,0,0,1,0,0,1,1,1,1,0,1,0,3,3,5,5,3
"165",0,1,0,0,1,1,1,1,1,1,0,1,1,0,1,0,0,0,0,1,0,0,0,1,1,0,1,1,1,1,2,4,5,5,4
"166",1,1,1,1,1,1,1,1,1,0,1,1,1,1,1,1,1,0,1,1,1,1,1,1,1,1,1,1,1,1,5,5,5,5,4
"167",0,1,0,0,1,0,1,0,0,0,0,1,1,1,1,0,1,0,0,0,0,0,1,1,1,0,1,0,1,1,5,4,5,4,3
"168",1,1,0,1,0,1,1,1,1,1,0,1,1,0,0,0,0,0,1,0,0,0,1,0,1,1,0,1,1,1,4,4,5,3,3
"169",1,1,1,0,1,0,1,1,1,0,1,0,1,0,0,1,0,0,1,1,0,0,1,1,1,1,1,1,1,1,5,5,5,5,5
"170",0,0,0,0,0,0,0,0,0,0,0,1,0,0,0,0,1,0,0,1,0,1,0,0,1,0,1,0,0,0,2,1,1,1,3
"171",1,1,1,1,1,1,1,0,1,1,1,1,1,1,1,1,0,0,1,1,1,1,1,1,1,1,1,1,1,1,5,5,5,5,5
"172",1,1,0,0,1,1,1,1,1,1,0,1,1,0,1,1,0,0,1,1,0,1,0,1,1,1,1,1,1,1,4,5,5,5,2
"173",1,0,0,0,0,0,1,1,1,1,1,0,1,1,1,1,0,0,1,1,0,1,0,1,1,0,1,0,1,1,5,4,5,5,3
"174",0,1,0,0,0,0,0,0,0,0,1,0,1,0,1,0,1,0,0,1,0,0,0,1,0,0,1,1,0,1,3,3,1,5,3
"175",1,0,0,0,0,0,0,0,1,1,0,1,1,1,0,0,0,0,0,1,0,1,0,1,0,1,1,0,0,1,2,4,3,3,4
"176",1,1,1,1,1,0,1,0,1,0,1,1,1,1,1,1,0,0,1,1,0,1,1,1,1,1,1,1,0,1,4,4,5,5,4
"177",0,0,0,0,0,0,0,0,0,0,1,0,1,1,0,0,1,0,1,1,0,0,0,0,0,0,1,0,0,1,2,1,3,1,1
"178",0,0,0,0,0,0,0,0,0,0,0,0,0,0,0,0,1,0,0,0,0,0,0,0,0,1,1,0,1,0,2,1,4,1,2
"179",1,1,0,1,0,0,0,0,0,1,0,1,1,1,1,0,1,0,1,0,0,0,0,1,1,1,1,0,1,1,4,4,5,5,3
"180",1,1,0,0,0,1,1,1,0,0,1,1,1,1,1,0,0,1,1,0,0,0,0,1,1,0,1,0,1,1,5,4,3,2,4
"181",1,1,1,0,1,1,1,0,1,1,1,0,1,0,1,0,1,0,1,1,0,1,0,1,1,0,1,0,0,1,5,5,5,5,4
"182",0,1,0,0,1,0,1,0,1,1,1,0,1,1,1,1,1,0,1,1,0,0,1,1,1,1,1,0,1,1,4,3,5,4,5
"183",1,1,1,0,1,0,1,1,1,0,1,1,1,0,1,1,0,0,1,1,0,0,0,1,1,0,1,1,1,1,5,4,5,5,5
"184",0,0,1,0,0,0,1,1,0,0,0,1,0,0,0,0,1,0,1,0,0,0,0,0,0,1,1,0,0,0,2,2,5,2,1
"185",1,1,0,1,1,1,1,0,1,1,1,1,1,1,1,1,0,0,1,1,0,1,1,1,1,1,1,1,1,1,4,5,5,5,4
"186",1,1,0,0,0,1,0,0,0,1,0,1,1,1,0,0,1,0,0,1,1,0,0,1,0,1,0,0,1,0,1,2,1,4,3
"187",1,1,0,0,0,1,1,0,1,0,0,1,1,0,1,0,0,0,1,0,1,0,0,1,1,1,1,1,1,1,4,4,4,4,5
"188",1,1,1,0,0,1,1,0,0,1,1,1,1,1,1,0,0,0,1,1,0,0,1,1,1,1,1,0,1,1,5,4,5,5,4
"189",1,1,0,1,1,0,1,1,0,1,1,0,1,0,1,0,1,0,1,0,0,0,0,1,1,1,1,1,1,1,2,4,4,5,3
"190",1,1,0,0,0,1,1,1,1,1,1,1,1,1,1,0,0,0,1,1,0,0,0,1,1,0,1,0,1,1,5,4,5,1,3
"191",1,1,0,0,1,0,1,0,1,0,1,1,1,1,1,0,1,0,1,1,0,0,1,1,1,0,1,0,1,1,5,4,3,2,3
"192",0,1,0,1,0,1,1,0,1,0,1,1,1,0,1,1,1,0,1,1,0,1,0,1,1,1,1,0,1,1,4,5,2,5,1
"193",1,0,0,0,0,1,0,0,0,0,1,0,0,0,0,0,1,0,0,1,0,0,0,0,0,0,0,0,0,0,2,1,3,1,1
"194",1,0,0,0,1,0,0,0,0,0,1,0,1,0,0,0,0,0,1,0,1,1,1,1,1,0,1,0,1,1,4,3,3,2,3
"195",1,1,0,1,1,0,1,1,1,1,1,1,1,0,1,0,0,0,1,1,0,0,0,1,1,0,1,0,1,1,3,4,5,3,4
"196",1,1,1,1,1,1,1,1,1,1,1,1,1,0,1,1,0,0,0,1,1,1,1,1,1,0,1,1,1,1,5,5,5,5,5
"197",0,0,0,0,0,1,1,1,0,0,0,1,1,0,1,0,0,0,0,1,0,0,0,1,1,0,1,1,1,1,4,3,1,5,3
"198",1,1,0,0,0,1,1,0,0,1,0,0,1,0,1,0,0,0,1,1,0,1,0,1,1,0,1,0,1,1,2,3,3,4,5
"199",1,1,1,1,1,1,1,1,1,0,1,1,1,1,1,1,1,0,1,1,0,1,1,1,1,1,1,1,1,1,4,5,5,5,4
"200",1,1,0,1,1,1,1,1,1,1,1,1,1,0,1,0,1,0,1,1,0,0,1,1,1,0,1,0,1,1,3,5,5,5,4
"201",1,1,1,0,0,0,0,0,0,0,1,1,1,0,1,0,1,0,0,0,0,0,0,1,1,0,1,0,1,1,4,4,4,5,4
"202",0,1,0,0,0,1,0,1,0,1,1,0,1,0,1,0,0,0,0,1,0,1,0,0,1,1,1,0,0,0,3,2,5,3,1
"203",0,0,0,0,0,0,1,0,0,1,0,1,1,0,1,0,1,0,0,0,1,0,0,1,1,0,1,0,1,1,4,3,4,4,3
"204",1,1,0,1,1,1,1,0,1,0,1,1,1,1,1,1,1,0,0,1,0,0,1,1,1,1,1,0,1,1,3,5,5,2,4
"205",0,0,0,1,0,1,0,1,0,0,0,1,1,0,1,0,1,0,0,0,0,0,0,1,1,0,1,1,0,0,3,3,3,3,2
"206",1,1,1,1,1,0,1,0,1,1,1,1,1,1,1,1,0,0,1,1,0,1,1,1,1,1,1,1,1,1,5,5,5,5,5
"207",1,1,0,1,0,0,1,1,0,0,1,1,1,1,1,0,0,0,1,1,0,1,0,1,1,0,1,0,1,1,4,4,2,5,3
"208",1,0,0,0,0,0,1,0,0,0,0,0,0,0,0,0,0,0,0,1,1,0,0,0,0,1,0,0,0,0,3,2,2,2,1
"209",0,1,0,0,0,0,1,0,1,0,0,1,0,0,0,0,1,0,1,1,0,1,0,1,1,0,1,0,0,1,2,3,5,2,3
"210",0,1,1,1,1,0,1,1,1,1,1,1,0,0,0,0,0,0,1,1,0,1,0,1,1,1,1,1,1,1,4,4,3,5,4
"211",1,1,1,1,1,1,1,1,1,0,1,1,1,1,1,1,0,0,1,1,0,1,1,1,1,1,1,1,1,1,5,5,5,5,5
"212",1,1,0,1,1,1,1,0,1,0,1,1,1,0,1,1,1,0,0,1,0,1,0,1,1,0,1,0,1,1,4,5,5,5,4
"213",0,0,1,0,0,0,1,0,0,1,0,1,1,0,1,0,0,0,0,1,0,0,0,0,0,0,1,0,1,0,3,3,3,3,3
"214",0,0,0,0,0,1,0,0,0,1,1,1,1,0,1,0,1,0,0,0,0,0,0,0,0,1,1,0,0,0,1,1,1,1,1
"215",0,1,1,0,1,0,1,1,1,1,1,1,1,1,1,1,0,0,1,1,0,0,1,1,1,0,1,1,1,1,4,4,4,5,4
"216",1,1,0,0,1,1,1,1,0,0,0,1,1,0,1,1,0,0,1,1,0,0,0,1,1,0,1,1,0,1,4,3,5,5,4
"217",1,1,0,0,0,0,1,0,0,1,0,1,1,1,1,0,1,0,0,0,1,0,0,0,1,0,1,0,1,1,4,3,2,5,3
"218",0,0,0,0,0,0,1,0,0,1,0,0,1,0,1,0,1,1,0,0,0,1,0,0,0,1,0,0,1,0,3,2,3,2,1
"219",1,1,1,1,1,1,1,1,1,1,1,1,1,1,1,1,0,0,1,1,1,1,1,1,1,1,1,1,1,1,5,5,3,5,4
"220",1,1,0,0,1,1,1,1,1,0,1,1,1,1,0,1,0,1,1,1,0,0,1,1,1,1,1,1,1,1,4,4,4,5,5
"221",1,1,0,1,1,1,1,0,1,0,1,0,1,0,1,1,0,0,1,1,0,0,1,1,1,0,1,1,1,1,4,5,5,4,5
"222",0,0,0,0,0,0,1,0,0,1,0,0,1,1,0,0,1,1,0,0,0,0,0,1,1,0,1,0,1,1,4,1,5,1,3
"223",1,1,0,0,0,1,1,1,1,0,1,1,1,1,1,1,1,0,1,1,0,0,1,1,1,0,1,1,1,1,4,5,5,5,5
"224",1,1,0,1,1,1,1,1,1,0,1,0,1,1,1,0,0,0,1,1,0,0,1,1,1,1,1,1,1,1,5,4,5,5,3
"225",0,1,1,0,1,1,1,0,0,1,0,0,1,1,1,0,0,0,0,1,1,0,0,1,1,1,1,0,1,1,3,4,4,1,4
"226",1,1,1,0,1,0,1,1,1,0,1,0,1,1,1,1,1,0,1,1,0,0,1,1,1,1,1,0,1,1,4,4,5,4,5
"227",0,0,1,0,0,0,0,1,0,0,1,0,1,0,0,0,0,0,0,0,1,0,0,0,0,1,1,1,1,0,3,3,1,2,1
"228",1,1,0,0,0,0,1,0,1,1,0,1,1,0,1,0,0,0,0,0,0,0,1,1,1,0,1,0,0,1,4,4,5,4,3
"229",0,1,0,0,0,1,0,0,0,0,0,0,0,0,1,0,1,0,0,0,0,0,0,0,0,1,1,0,0,0,3,3,5,3,1
"230",0,0,1,0,0,0,1,0,0,1,1,0,0,0,1,0,1,0,0,0,0,0,0,0,0,0,1,0,0,1,2,3,1,3,2
"231",1,1,1,1,1,1,1,1,1,0,1,1,0,1,1,1,0,1,1,1,1,1,1,1,1,1,1,1,1,1,5,5,5,5,5
"232",1,0,0,0,0,0,0,0,0,0,1,0,0,1,0,0,1,0,0,1,0,0,0,0,0,0,1,1,0,1,3,2,1,3,1
"233",1,1,0,0,0,1,1,1,1,1,1,1,1,1,1,0,1,0,0,1,0,1,1,1,1,1,1,0,1,1,4,4,3,4,3
"234",0,1,0,0,0,0,1,0,0,0,0,1,0,1,1,0,1,0,0,0,0,0,0,0,1,0,0,0,0,1,3,3,4,5,4
"235",0,0,0,0,0,1,1,1,0,1,1,1,0,1,1,0,1,0,0,0,0,1,0,1,1,0,1,0,1,1,2,4,3,3,3
"236",0,0,0,0,0,1,1,0,0,0,0,0,1,0,1,0,0,0,0,0,0,1,0,0,0,0,0,0,0,0,2,1,1,2,3
"237",0,0,0,0,1,1,0,0,0,0,0,0,0,1,0,0,1,0,1,0,0,1,0,0,0,1,0,0,0,0,2,3,3,1,1
"238",1,1,0,0,0,0,0,1,1,0,1,1,1,0,0,1,1,0,1,0,0,0,0,0,1,0,1,0,1,1,3,2,5,2,3
"239",1,1,0,0,0,1,1,1,0,0,1,0,1,0,0,0,1,1,0,0,1,0,0,1,1,0,1,0,1,0,4,2,5,3,1
"240",1,1,1,1,1,1,1,0,1,1,1,1,1,1,1,0,0,0,1,1,0,1,0,1,1,0,1,0,1,1,5,5,4,5,4
"241",0,1,0,0,0,0,1,0,0,0,0,1,1,0,0,0,0,0,0,0,0,1,0,1,0,0,0,0,1,1,3,4,3,3,3
"242",0,0,1,0,0,0,1,0,0,0,0,1,1,0,1,0,1,0,0,0,0,0,0,0,0,1,1,0,0,0,3,3,1,5,1
"243",1,1,0,0,0,0,1,0,1,0,1,0,1,0,1,0,0,0,1,1,0,0,0,1,1,0,1,0,1,1,3,3,2,4,3
"244",0,1,0,0,0,0,1,0,1,1,1,1,1,1,1,0,0,0,0,0,0,0,0,1,1,0,1,0,1,1,2,3,1,5,3
"245",0,1,1,0,0,0,0,0,0,0,1,0,1,0,0,0,1,0,1,0,0,1,0,0,0,0,0,0,0,1,3,3,4,3,2
"246",0,1,0,0,0,1,1,0,0,0,1,1,1,0,1,1,0,0,1,1,1,0,0,1,1,0,1,0,1,1,4,5,5,2,5
"247",1,0,0,0,0,0,1,0,0,0,0,0,1,0,0,0,1,0,0,0,0,0,1,0,1,0,1,0,0,1,4,3,5,3,3
"248",1,1,1,0,0,0,1,0,1,1,1,1,0,0,1,0,0,0,0,1,0,1,1,1,1,0,1,0,1,1,4,4,1,5,5
"249",1,1,1,1,1,1,1,1,1,0,1,1,1,1,1,1,0,0,1,1,0,1,1,1,1,0,1,1,1,1,5,4,5,5,5
"250",0,0,1,0,1,0,1,0,0,0,0,1,1,0,0,0,1,0,0,0,0,0,0,0,0,1,1,0,0,1,3,3,3,1,1
"251",1,1,0,0,0,0,1,1,0,0,1,0,1,0,0,0,0,0,0,0,0,0,0,0,1,0,1,0,1,1,3,4,3,5,5
"252",0,1,0,0,0,1,1,0,0,0,0,0,1,0,1,0,0,0,1,0,0,0,0,1,0,1,1,0,1,0,3,3,3,5,4
"253",1,1,0,0,0,0,1,0,1,0,1,1,1,0,1,0,0,0,1,0,0,1,0,1,1,0,1,1,1,1,4,4,2,3,3
"254",1,1,1,0,0,0,1,0,0,0,1,0,0,0,1,0,0,0,1,1,0,1,0,0,1,0,1,0,0,1,4,4,4,5,3
"255",1,0,1,0,1,0,1,0,1,0,0,1,1,0,0,0,0,0,1,0,0,0,0,1,1,1,1,0,1,1,3,4,5,5,2
"256",1,0,0,0,0,0,0,0,0,0,0,1,0,0,1,0,1,0,0,0,0,0,0,1,0,1,1,0,0,0,2,1,1,1,3
"257",1,0,0,0,0,0,1,1,0,0,0,0,1,0,1,1,0,0,0,0,0,0,0,1,1,0,1,0,1,1,3,4,2,5,1
"258",1,1,1,1,1,1,1,0,1,1,1,1,0,0,1,1,0,0,1,1,0,0,1,1,1,0,1,0,1,1,4,4,5,5,4
"259",0,1,0,0,0,1,1,0,0,1,1,0,0,1,1,0,1,0,1,1,0,0,0,1,1,1,1,0,1,1,4,4,4,2,3
"260",0,0,0,0,0,0,0,0,0,0,0,0,0,1,0,0,1,0,1,0,0,1,0,0,0,0,1,0,0,0,2,2,3,1,1
"261",1,0,0,0,0,0,1,0,1,1,0,1,1,0,1,0,0,0,1,0,0,0,0,1,1,0,1,0,1,1,5,5,4,5,3
"262",1,1,0,0,0,1,1,1,1,1,0,1,1,1,1,0,1,1,0,1,0,1,0,0,1,0,1,0,1,1,3,4,5,2,3
"263",1,1,1,0,0,0,1,0,0,0,0,1,1,0,1,0,0,0,0,0,0,1,0,1,1,1,1,0,1,1,4,3,3,5,5
"264",0,1,0,0,0,1,1,1,1,0,1,1,1,1,1,1,0,0,1,1,0,0,0,1,1,0,1,0,1,1,5,3,3,5,3
"265",0,0,0,0,0,0,1,0,0,0,0,0,1,1,0,0,0,0,0,0,0,1,0,0,0,1,1,0,1,0,3,3,3,3,2
"266",1,1,1,1,1,0,1,1,1,0,1,1,1,1,1,1,1,1,0,1,0,0,0,1,1,1,1,0,1,1,4,4,1,5,5
"267",1,1,0,0,1,1,1,0,0,1,0,1,1,0,0,1,0,0,0,1,0,0,0,1,1,0,1,0,1,1,4,2,4,4,2
"268",1,0,0,0,0,1,1,1,0,1,1,1,1,0,0,1,0,0,1,0,0,0,0,1,1,1,1,0,1,1,4,4,5,5,3
"269",0,0,0,0,0,0,0,0,0,0,0,1,1,0,0,0,1,0,0,0,0,0,0,0,0,1,1,0,0,0,3,1,5,2,1
"270",1,1,0,0,0,0,1,0,1,1,0,1,1,0,1,0,1,0,0,0,1,0,1,1,1,0,1,0,1,1,3,4,5,5,3
"271",0,1,1,0,1,1,1,0,0,1,0,1,1,0,1,0,0,0,0,0,0,0,0,1,0,1,1,0,1,1,4,2,5,5,3
"272",1,1,0,1,0,0,1,0,1,0,1,0,1,0,1,0,0,0,1,1,0,0,0,1,1,0,1,0,1,1,4,4,5,5,1
"273",1,1,0,0,0,0,0,1,0,0,0,0,0,1,0,0,1,1,0,0,0,1,0,0,0,0,0,0,0,1,3,3,3,1,3
"274",1,0,0,1,0,1,1,0,1,0,0,1,1,0,0,0,0,1,0,0,0,0,0,1,1,0,1,0,1,1,3,3,5,3,2
"275",1,0,0,0,0,1,1,0,0,0,1,0,1,0,0,0,0,0,0,0,0,0,0,0,1,0,1,0,0,1,3,4,3,5,5
"276",1,1,1,0,0,1,1,0,0,1,0,0,1,0,1,1,0,0,0,1,0,0,0,1,1,1,1,1,1,1,4,5,5,5,3
"277",0,1,0,1,1,0,1,0,1,0,1,0,1,1,1,1,1,0,0,1,1,0,0,1,1,0,1,0,1,1,4,3,5,4,3
"278",1,1,1,1,0,0,1,0,0,0,1,1,1,0,1,0,1,0,1,0,0,0,0,1,1,0,1,1,0,1,4,4,5,5,3
"279",1,1,0,0,0,1,1,1,1,1,1,0,1,1,1,1,0,0,1,1,0,1,1,1,1,0,1,1,1,1,4,4,5,5,4
"280",0,1,1,0,0,1,0,1,0,1,1,0,0,0,1,0,0,0,0,0,0,0,0,0,0,0,1,1,1,0,1,2,3,4,2
"281",1,1,1,1,1,0,1,1,1,0,1,1,1,1,1,1,0,1,1,1,1,1,1,1,1,1,1,1,1,1,5,5,5,5,5
"282",0,0,0,0,0,1,0,0,0,0,1,1,0,0,0,0,1,0,1,0,0,0,0,0,0,0,1,0,1,1,2,2,5,2,1
"283",1,1,1,1,1,1,1,1,1,1,1,1,1,1,1,1,0,0,1,1,0,1,1,1,1,1,1,1,1,1,5,4,5,5,5
"284",0,0,1,0,0,0,1,0,0,0,0,0,1,0,1,0,0,0,0,0,0,0,0,1,1,0,1,0,1,1,3,2,5,5,1
"285",1,0,0,0,0,0,1,0,0,0,0,0,1,0,0,0,1,0,0,1,0,1,0,0,0,1,0,0,1,0,2,2,5,1,3
"286",0,0,0,0,0,1,1,0,0,0,0,1,1,0,0,0,1,0,0,1,0,1,0,0,0,0,0,0,0,0,3,2,1,1,2
"287",0,1,0,0,0,1,1,0,0,0,1,1,1,1,0,0,1,0,1,0,0,0,0,1,1,0,1,0,1,1,4,4,3,3,4
"288",1,1,0,1,1,1,1,1,1,0,1,1,1,1,1,1,0,1,0,1,0,0,1,1,1,0,1,1,1,1,5,4,4,5,5
"289",1,1,1,1,1,1,1,1,1,0,1,1,1,1,1,1,0,0,1,1,1,1,1,1,1,1,1,1,1,1,5,5,5,5,4
"290",1,1,0,0,0,1,0,1,0,0,1,1,1,0,1,0,1,0,0,0,0,1,0,0,1,0,0,0,1,0,3,3,5,2,1
"291",1,0,0,0,0,1,0,0,0,0,0,1,0,0,0,0,1,1,0,0,0,0,0,1,0,0,0,0,1,0,3,3,5,2,2
"292",1,1,0,0,0,0,1,1,0,0,1,1,0,0,1,0,1,0,0,0,0,0,0,1,1,0,1,0,1,1,4,4,5,5,3
"293",1,1,0,0,0,0,1,0,0,0,0,1,1,0,0,0,0,0,0,1,0,0,0,1,1,1,1,0,1,1,4,4,4,5,1
"294",0,0,0,0,0,0,0,0,0,0,0,1,0,0,0,0,1,0,0,0,0,0,0,0,0,0,1,0,0,0,1,1,1,2,1
"295",1,1,0,1,0,1,1,1,1,0,1,1,1,1,1,1,1,1,1,0,0,0,0,1,1,0,1,1,1,1,4,4,2,5,3
"296",1,1,0,0,0,1,1,0,0,0,0,1,1,1,1,1,1,0,0,0,0,1,0,0,0,1,1,0,1,1,1,3,5,3,1
"297",1,0,0,0,0,0,1,0,0,0,0,1,1,0,1,0,1,0,0,0,0,1,0,0,1,0,1,1,1,0,3,3,1,4,3
"298",1,1,0,1,0,0,1,0,1,1,1,1,1,0,1,0,0,0,0,1,0,0,0,1,1,1,1,0,1,0,4,5,3,4,2
"299",1,1,1,1,1,1,1,1,1,0,1,1,1,1,1,1,1,0,1,1,0,1,1,1,1,0,1,1,1,1,5,5,5,5,5
"300",1,0,0,0,0,1,1,0,0,1,1,1,1,1,1,0,0,0,0,1,0,0,0,0,1,0,1,0,0,1,4,3,1,3,3
"301",1,1,1,0,0,0,1,1,0,1,1,1,1,0,1,0,0,0,1,0,0,0,0,1,1,0,1,0,1,1,3,4,5,5,1
"302",1,1,0,1,1,1,1,0,1,1,1,0,1,1,1,1,0,0,1,1,0,1,0,1,1,0,1,1,1,1,3,3,3,5,2
"303",1,1,1,1,1,0,1,1,1,0,1,0,1,1,1,1,0,1,1,1,1,1,1,1,1,1,1,1,1,1,5,5,5,5,4
"304",0,0,0,0,0,0,1,0,0,0,1,1,0,1,1,0,1,0,0,0,0,0,0,0,0,0,1,1,1,1,2,3,1,2,1
"305",0,1,0,0,1,1,1,1,1,1,1,1,1,1,1,1,0,0,0,0,0,1,1,1,1,1,1,1,1,1,4,4,4,5,5
"306",0,1,1,1,1,0,1,1,1,0,1,1,1,1,1,1,1,0,1,1,0,1,1,1,1,1,1,0,1,1,4,5,2,5,3
"307",1,1,1,0,0,0,1,0,0,0,0,0,1,0,0,0,0,0,1,1,0,0,0,1,1,0,1,0,1,1,4,4,5,4,3
"308",1,0,1,0,0,1,1,0,0,0,0,0,0,0,1,0,1,0,0,0,0,0,0,0,0,0,1,0,0,0,3,3,5,2,2
"309",1,1,0,0,0,1,1,0,0,1,0,0,1,0,1,1,1,0,1,0,0,1,0,1,1,1,1,1,1,0,4,3,3,3,2
"310",0,1,1,1,1,0,1,1,1,0,0,0,1,1,1,0,0,0,0,1,1,0,0,1,1,0,1,1,1,1,4,3,2,3,4
"311",1,1,1,1,1,0,1,1,1,0,1,1,1,1,1,1,0,0,1,1,1,1,1,1,1,1,1,1,1,1,2,5,3,5,4
"312",1,1,0,0,0,0,0,0,0,1,0,1,1,0,1,0,1,0,1,0,0,1,0,0,1,0,1,0,1,1,4,3,3,5,3
"313",1,1,0,0,1,1,1,0,1,0,1,1,1,0,1,1,0,0,1,1,0,0,1,1,1,1,1,0,1,1,5,4,5,4,3
"314",1,1,1,1,1,1,1,0,0,0,1,1,1,1,1,0,0,0,0,1,1,0,0,1,1,1,1,0,1,1,5,5,5,5,5
"315",0,0,1,0,0,1,1,0,0,0,1,1,0,0,1,0,1,0,0,1,0,0,0,1,1,0,0,0,0,0,2,3,3,1,1
"316",1,0,0,0,0,0,1,0,0,0,0,1,0,1,0,0,0,0,0,0,0,1,0,0,1,0,1,0,0,0,3,3,1,2,1
"317",0,1,0,1,1,1,1,1,1,1,0,1,1,0,1,0,0,0,1,1,0,1,0,1,1,0,1,1,1,1,4,4,5,2,5
"318",1,1,1,1,0,0,1,0,0,0,1,1,1,1,1,1,0,0,0,1,0,1,0,1,0,1,1,0,1,1,4,4,4,5,4
"319",1,0,0,0,0,1,1,1,0,0,1,0,1,0,0,0,0,0,0,0,0,1,0,0,0,1,1,1,0,1,3,4,5,3,3
"320",0,1,0,0,1,1,1,1,0,1,1,0,1,0,1,0,0,0,0,1,0,0,1,1,1,0,1,0,1,1,3,3,1,1,4
"321",1,0,0,0,0,0,0,0,0,0,0,1,1,0,1,0,0,0,0,1,0,1,0,1,0,0,1,0,1,1,3,4,4,2,2
"322",1,0,0,1,0,1,0,0,0,0,0,0,1,1,0,0,1,0,0,1,0,0,0,0,0,0,1,0,0,1,3,3,3,1,3
"323",1,1,1,1,0,0,1,0,0,1,0,1,1,0,1,0,0,0,1,0,0,1,0,1,1,0,1,0,1,1,3,4,5,5,3
"324",1,1,1,0,1,0,1,0,1,1,0,1,1,0,1,0,1,0,0,0,0,0,0,1,1,1,1,0,1,1,4,4,4,1,4
"325",1,0,0,0,0,1,1,1,0,1,1,0,1,0,1,0,1,0,1,0,0,0,1,1,0,0,1,1,1,1,2,4,3,1,3
"326",0,1,0,0,0,0,1,1,0,0,1,1,1,0,1,0,0,0,0,1,0,0,0,1,1,0,1,0,1,1,5,3,4,3,4
"327",1,1,0,0,0,1,1,0,0,1,0,0,1,1,1,0,1,1,1,0,0,0,0,1,1,0,1,0,1,1,3,4,5,3,4
"328",1,1,1,1,1,1,1,1,1,1,1,1,1,1,1,1,0,0,1,1,0,1,0,1,1,0,1,1,1,1,5,5,5,5,5
"329",1,1,0,1,0,0,1,0,1,1,1,0,1,1,1,0,1,0,1,0,0,1,0,1,1,0,1,0,1,1,4,4,4,5,2
"330",1,1,1,0,1,0,1,0,0,1,1,1,1,1,1,0,0,0,0,1,0,0,0,1,1,1,1,1,1,1,4,4,5,5,5
"331",1,1,0,1,1,1,1,0,0,0,1,1,1,1,1,0,0,0,0,1,0,0,0,1,1,0,1,1,1,1,4,5,5,3,5
"332",1,1,1,0,1,1,1,1,1,0,1,1,1,1,1,1,0,0,1,1,0,1,1,1,1,0,1,1,1,1,4,4,5,5,4
"333",0,0,0,0,0,0,0,0,0,1,0,1,1,0,1,0,1,1,0,0,0,0,0,1,0,1,1,0,0,1,2,2,1,2,1
"334",1,1,1,0,1,1,1,1,0,0,1,1,1,1,1,1,0,0,1,1,0,0,0,1,1,0,1,1,1,1,5,4,3,5,5
"335",1,1,0,0,1,1,1,0,1,0,1,1,1,1,1,1,0,0,1,1,0,0,1,1,1,1,1,0,1,1,4,4,5,5,4
"336",0,1,0,0,0,0,1,0,0,0,0,1,0,0,0,0,1,0,1,1,0,0,0,0,0,0,0,0,1,0,1,1,5,1,1
"337",1,1,0,0,0,0,0,0,0,0,0,0,1,0,0,0,1,0,0,1,0,0,0,0,0,1,0,0,0,0,2,2,1,2,3
"338",1,1,0,0,1,1,1,1,1,1,1,1,1,1,1,1,1,0,1,1,0,0,0,1,1,1,1,1,1,1,4,4,5,5,3
"339",1,1,0,0,1,0,1,1,0,0,1,1,1,1,0,1,0,0,1,1,0,0,0,1,1,1,1,0,1,1,4,4,5,4,4
"340",0,0,0,0,0,0,1,0,0,1,0,1,1,0,1,0,0,0,1,0,0,0,0,0,1,0,1,0,1,0,3,4,5,4,3
"341",1,0,0,0,0,0,1,0,0,0,0,1,1,0,0,0,1,0,0,0,0,0,0,0,0,0,0,1,0,0,1,1,1,2,1
"342",1,1,1,1,1,0,1,0,1,1,1,1,1,1,1,0,0,0,1,1,1,0,1,1,1,1,1,1,1,1,4,5,2,5,4
"343",0,0,0,0,1,0,0,0,0,0,0,0,1,0,0,0,0,0,0,0,0,0,0,0,0,0,1,0,0,0,2,1,2,1,2
"344",0,0,1,0,0,0,0,0,0,0,0,0,0,1,0,0,1,0,0,1,0,0,0,0,0,0,0,0,0,0,1,1,1,1,1
"345",1,1,0,0,0,0,1,0,0,1,1,1,1,0,1,0,1,0,0,0,0,1,0,1,1,0,1,0,1,1,3,4,5,5,1
"346",1,1,1,1,0,1,1,1,1,1,1,1,1,1,1,1,0,0,1,1,0,0,0,1,1,0,1,1,1,1,4,4,5,5,5
"347",1,1,0,0,1,1,1,0,0,1,1,1,1,1,1,0,0,0,1,1,0,1,1,1,1,1,1,1,1,1,4,5,1,5,4
"348",0,0,0,0,0,0,0,0,0,0,0,0,0,0,0,0,1,0,0,1,0,0,0,0,0,0,1,0,0,1,1,1,3,2,1
"349",1,1,0,1,0,0,1,1,1,0,1,1,0,0,1,0,0,0,1,1,0,1,0,1,1,0,1,0,1,1,4,5,5,5,3
"350",1,1,1,0,0,0,1,1,0,1,1,0,0,0,1,1,1,0,0,1,0,0,0,0,0,0,0,0,0,1,3,3,3,4,5
"351",1,0,1,0,1,1,1,0,1,0,1,1,1,1,1,0,0,0,1,0,0,1,0,1,1,1,1,0,1,1,5,4,5,4,3
"352",1,0,1,0,0,0,1,1,1,0,0,1,1,1,1,0,1,0,0,0,0,1,0,0,1,0,1,0,1,1,4,3,1,1,4
"353",1,1,0,1,1,1,1,1,1,1,1,1,1,1,1,0,1,0,1,1,0,1,1,1,1,1,1,1,1,1,4,5,4,3,4
"354",1,1,1,0,1,1,1,1,1,0,1,1,1,0,1,1,1,0,0,1,0,1,0,1,1,1,1,1,1,1,4,4,5,5,4
"355",0,0,0,0,0,0,1,1,1,1,1,0,1,0,1,0,0,0,0,1,0,0,0,1,1,1,1,0,1,1,4,4,1,5,3
"356",0,0,0,0,0,0,0,0,1,0,0,1,1,0,1,0,1,0,0,0,0,0,0,0,1,0,0,0,1,0,4,3,5,3,2
"357",1,1,1,1,1,1,1,1,1,0,1,1,1,1,1,1,1,1,1,1,1,1,1,1,1,1,1,1,1,1,4,5,4,5,5
"358",1,1,0,0,0,0,0,0,0,0,1,0,1,1,0,0,0,0,0,0,0,1,0,0,0,0,0,0,1,1,2,2,2,1,1
"359",1,1,0,0,1,0,1,1,0,1,1,0,1,1,1,0,0,0,0,1,0,0,0,1,1,0,1,0,1,1,4,5,4,4,2
"360",1,1,1,0,1,1,1,1,1,1,1,1,1,1,1,1,1,0,1,1,1,1,0,1,1,1,1,1,1,1,5,5,5,5,5
"361",1,1,0,1,1,1,1,1,1,0,1,1,1,1,1,1,0,1,1,1,0,1,1,1,1,1,1,1,1,1,5,5,5,5,5
"362",1,1,1,1,1,0,1,1,0,0,1,0,1,1,1,1,1,0,1,1,0,1,1,1,1,1,1,1,1,1,5,4,5,5,4
"363",1,1,1,1,0,1,1,1,0,0,1,1,1,1,1,1,0,0,1,1,0,0,0,1,1,0,1,0,1,1,4,5,5,5,4
"364",1,1,0,0,0,1,1,0,1,1,0,1,1,1,1,1,0,0,0,1,0,0,0,0,1,1,1,0,1,1,3,4,3,5,3
"365",1,1,1,1,1,0,1,1,1,1,1,1,1,1,1,1,0,0,1,1,0,0,0,1,1,0,1,1,1,1,4,5,4,5,4
"366",1,1,1,1,1,0,1,0,1,1,1,1,1,1,1,0,0,0,1,1,0,0,1,1,1,0,1,1,1,1,4,4,2,4,5
"367",1,1,1,1,1,1,1,1,1,0,1,1,1,1,1,1,0,1,1,1,1,1,1,1,1,1,1,1,1,1,5,5,5,5,5
"368",1,0,1,0,0,0,1,0,0,0,1,0,1,0,0,0,1,0,0,0,0,0,0,1,0,1,0,1,1,1,2,4,5,2,1
"369",0,0,0,0,0,0,1,0,0,0,0,0,0,0,0,0,1,0,1,0,0,0,0,1,0,1,1,0,0,1,2,2,3,4,1
"370",1,1,1,0,0,1,1,0,1,0,1,1,1,1,1,0,1,0,0,0,0,1,0,1,1,0,1,0,1,1,3,3,4,5,3
"371",0,1,0,1,1,0,1,0,1,0,1,1,1,1,0,1,1,0,1,1,1,0,1,1,1,0,1,0,1,1,4,5,3,5,4
"372",1,1,1,0,0,0,1,0,0,0,1,1,1,0,0,0,0,0,0,1,0,0,0,1,0,0,1,0,1,1,3,3,2,2,1
"373",1,1,1,1,1,0,1,1,1,0,1,1,1,1,1,1,0,1,1,1,1,1,1,1,1,1,1,1,1,1,5,4,5,5,5
"374",0,1,0,0,0,0,0,0,0,0,1,1,1,0,0,0,1,0,1,0,1,0,0,0,1,1,1,0,0,0,2,2,3,1,1
"375",1,1,0,0,0,1,1,1,0,1,1,1,1,0,0,1,1,1,1,0,0,0,0,0,1,1,1,0,1,1,4,3,4,5,2
"376",1,1,1,1,1,0,1,0,1,0,1,1,1,1,1,0,0,0,0,1,0,1,0,1,1,1,1,1,1,1,4,5,3,5,4
"377",0,0,0,0,0,1,0,0,0,0,1,0,0,0,0,0,1,0,0,0,0,0,0,0,1,0,1,0,0,0,2,1,5,2,3
"378",0,0,0,1,0,1,1,0,0,0,0,0,1,0,1,0,1,0,0,0,0,1,0,1,1,0,1,0,1,1,3,3,3,2,2
"379",1,1,0,0,1,0,1,0,0,0,1,1,1,0,1,0,0,0,1,0,0,1,0,1,1,0,1,0,1,1,3,4,4,2,5
"380",0,1,0,0,0,1,1,1,1,1,0,1,1,0,1,1,0,0,0,1,0,0,0,1,1,0,1,0,1,1,3,4,5,5,4
"381",1,1,0,0,0,0,1,0,0,0,1,0,0,0,0,0,1,0,0,0,0,1,0,0,0,0,1,0,0,1,4,3,5,2,2
"382",0,0,0,0,0,0,1,0,0,0,0,1,1,0,0,0,1,0,0,0,0,1,0,0,0,0,1,0,1,0,4,1,4,1,1
"383",1,1,0,0,1,1,0,0,0,1,0,1,1,0,0,1,0,0,0,0,0,0,0,1,1,0,1,0,1,1,3,2,3,5,3
"384",1,1,0,0,0,0,1,1,1,1,1,1,1,0,1,1,1,0,1,1,0,1,0,1,1,1,1,0,1,1,4,4,3,5,3
"385",0,1,0,0,0,0,1,0,1,0,1,1,1,1,1,0,1,0,1,0,0,0,0,1,1,1,1,0,1,1,3,4,2,3,4
"386",1,0,1,0,0,0,1,1,0,0,0,0,1,0,1,0,0,0,0,1,0,0,0,1,1,0,1,1,1,1,4,4,4,5,3
"387",1,1,0,0,0,0,1,1,1,0,0,1,1,1,1,1,1,0,1,1,0,0,0,1,1,1,1,1,1,1,4,3,5,5,5
"388",1,1,0,1,1,1,1,1,1,1,1,1,1,1,1,1,0,0,0,1,0,0,0,1,1,1,1,1,1,1,4,4,3,5,3
"389",1,0,0,0,0,0,0,0,0,1,1,1,1,0,0,0,0,0,0,1,0,0,0,0,0,0,1,0,0,0,2,3,3,1,3
"390",1,1,0,0,1,0,1,1,1,0,0,1,1,0,0,0,1,0,0,0,0,0,0,1,1,0,1,0,0,1,3,4,5,2,3
"391",1,1,0,1,1,1,1,0,1,1,1,1,1,0,1,0,1,0,0,1,1,0,0,1,1,0,1,0,1,1,4,5,5,3,5
"392",1,1,1,1,1,1,1,1,1,0,1,0,1,1,1,1,1,0,1,1,0,0,1,1,1,1,1,1,1,1,5,5,5,5,5
"393",1,0,0,0,0,1,1,0,0,1,1,1,1,0,1,0,1,0,0,0,0,0,0,1,0,0,1,0,1,1,3,3,1,1,4
"394",0,0,0,0,0,0,0,0,0,0,0,0,1,1,0,0,1,0,0,0,0,1,0,0,0,0,1,0,0,1,3,2,5,4,1
"395",1,1,1,1,0,0,1,1,1,0,1,1,1,1,1,1,1,0,1,1,0,1,1,1,1,0,1,0,1,1,4,5,3,5,4
"396",0,0,1,1,0,0,1,1,0,1,0,0,1,0,1,0,0,1,0,0,0,0,0,1,0,1,1,0,1,1,4,3,5,1,1
"397",0,1,0,0,0,0,0,0,0,1,1,1,1,0,1,0,0,0,0,1,0,0,0,0,0,0,1,0,0,1,1,2,3,4,2
"398",1,1,0,1,1,0,1,1,1,0,0,1,0,1,1,1,1,0,1,1,0,1,1,1,1,0,1,0,1,1,4,5,5,5,5
"399",1,1,1,1,1,1,1,0,1,0,1,1,1,1,0,1,1,0,0,1,0,1,0,1,1,1,1,1,1,1,5,4,1,5,4
"400",1,1,1,0,1,0,1,0,0,1,1,1,1,0,0,0,1,0,0,1,0,1,1,1,1,1,1,0,1,0,4,4,5,4,2
"401",1,0,0,0,0,0,1,1,0,1,0,0,1,0,1,0,0,1,1,0,0,0,0,1,1,0,1,0,0,1,3,2,5,3,4
"402",1,0,0,0,0,1,1,1,0,0,1,1,0,1,1,0,0,0,0,1,0,0,0,1,1,1,1,0,0,0,4,4,3,4,1
"403",1,0,0,1,0,1,1,0,0,0,1,0,1,1,0,0,0,0,0,1,0,0,0,0,0,0,1,0,0,1,3,3,2,2,3
"404",1,1,1,1,1,0,1,1,1,0,1,0,1,1,1,1,0,0,0,1,0,1,1,1,1,0,1,1,1,1,5,4,5,5,4
"405",1,0,0,0,0,1,0,0,0,0,1,0,1,0,0,0,1,0,0,1,0,1,0,0,0,1,0,0,0,0,2,1,1,2,2
"406",1,1,0,1,1,1,1,1,0,0,0,0,1,1,1,1,1,1,1,1,0,1,0,1,1,0,1,1,1,1,4,4,3,5,5
"407",0,0,0,0,0,1,1,0,0,1,1,1,0,1,0,1,0,0,0,0,0,0,0,0,1,0,1,0,1,0,3,4,3,3,3
"408",1,1,1,1,0,1,1,0,0,0,1,1,1,1,1,0,0,0,0,1,0,0,0,1,1,0,1,0,1,1,4,4,5,5,4
"409",1,1,0,0,0,0,1,0,0,0,0,1,1,0,1,1,1,1,1,0,0,0,1,1,1,0,1,0,0,1,3,4,5,5,1
"410",1,1,0,1,0,0,1,0,1,0,1,0,1,1,1,0,0,1,0,1,1,1,0,1,1,1,1,1,1,1,4,4,5,5,4
"411",1,1,1,1,1,1,1,1,1,0,1,1,1,1,1,1,0,0,1,1,1,1,1,1,1,0,1,1,1,1,5,5,5,5,5
"412",1,1,0,1,0,1,1,0,0,1,0,0,1,0,0,1,1,0,0,1,0,0,0,1,0,0,1,0,1,1,4,4,5,5,2
"413",1,0,0,0,0,0,1,0,0,0,0,1,1,1,1,0,1,0,1,0,0,0,0,1,0,1,1,0,0,1,3,1,3,2,3
"414",0,1,1,0,1,0,1,0,1,0,0,1,1,0,1,0,1,0,0,1,0,0,0,1,1,1,1,0,1,1,4,4,5,5,3
"415",1,1,1,1,1,0,1,1,1,0,1,1,1,1,1,1,0,0,1,1,0,0,1,1,1,0,1,1,1,1,5,5,5,4,5
"416",1,1,0,1,1,0,1,0,0,1,1,1,0,0,1,0,1,0,0,1,1,0,0,1,1,1,1,0,0,1,4,4,3,2,3
"417",0,1,1,1,1,1,1,1,1,1,1,1,1,1,1,1,0,1,1,1,0,0,1,1,1,0,1,1,1,1,5,4,5,4,4
"418",1,1,0,0,0,0,1,0,1,1,1,1,1,0,1,0,0,0,1,0,0,0,0,0,1,0,1,0,1,1,3,4,5,2,3
"419",1,1,1,0,1,0,1,0,0,1,0,1,0,0,1,0,1,0,0,0,0,0,0,1,1,1,1,1,1,1,3,4,5,5,3
"420",0,0,0,0,0,0,0,0,0,0,1,0,0,1,0,0,1,0,0,0,0,0,0,0,0,0,1,0,0,0,1,2,1,1,1
"421",1,1,1,1,0,1,1,1,1,0,1,1,1,1,1,1,0,1,1,1,0,0,1,1,1,0,1,1,1,1,4,5,5,5,4
"422",0,1,0,0,0,0,1,0,0,0,1,0,0,0,0,0,1,0,0,1,0,0,0,1,0,1,1,0,1,1,3,3,5,5,2
"423",1,1,0,0,0,1,1,1,0,1,1,0,1,0,0,0,1,1,0,0,0,0,0,0,1,1,1,0,0,1,3,4,5,1,3
"424",0,0,0,0,0,0,0,0,0,0,1,0,0,0,0,0,1,0,1,1,0,0,0,0,0,0,0,0,0,0,1,3,3,1,2
"425",1,1,0,0,0,0,1,1,1,1,0,1,1,0,0,0,1,0,1,1,1,0,0,1,1,0,1,0,1,1,4,2,5,5,4
"426",0,1,0,0,0,1,1,0,0,1,1,1,0,1,1,1,0,0,1,0,0,0,0,1,1,1,1,0,1,1,4,4,5,5,4
"427",0,1,0,0,0,0,1,0,0,1,1,1,1,0,1,0,1,0,0,0,1,0,0,0,0,0,1,0,0,1,3,2,2,2,1
"428",1,1,0,1,0,0,1,1,1,1,1,1,1,0,1,0,0,0,1,1,0,1,0,1,1,1,1,1,1,1,4,4,1,5,5
"429",0,1,1,0,0,0,0,0,0,1,0,1,0,0,1,0,0,0,0,0,1,1,0,1,0,0,1,0,1,1,1,3,1,4,2
"430",1,1,1,0,0,1,1,0,1,0,1,1,1,1,0,1,0,0,1,1,0,1,0,1,1,1,1,0,1,1,4,4,3,4,3
"431",1,0,0,0,0,1,1,0,0,0,1,1,1,0,1,0,1,0,0,1,0,0,0,1,1,1,1,0,0,1,4,2,5,3,3
"432",1,1,1,0,1,0,1,1,1,0,1,1,1,1,1,1,1,0,0,1,1,1,1,1,1,0,1,1,1,1,5,5,3,5,3
"433",1,1,0,0,0,0,1,0,0,0,1,1,1,0,0,0,1,0,1,1,0,1,0,1,1,1,1,0,1,1,3,3,1,2,5
"434",1,1,1,1,1,1,1,1,1,0,1,1,1,1,1,1,1,0,1,1,0,1,1,1,1,1,1,1,1,1,5,5,3,5,5
"435",1,1,1,0,0,0,1,1,0,1,0,1,1,1,1,0,0,0,0,0,0,0,0,0,1,0,0,1,1,1,3,2,1,3,2
"436",1,1,0,0,0,0,1,1,1,0,0,1,1,1,1,1,0,0,1,1,0,0,1,1,1,1,1,0,1,1,4,5,5,3,4
"437",0,1,0,0,0,1,1,1,0,1,1,1,1,1,1,0,1,1,1,0,0,1,0,1,1,0,1,0,1,1,4,4,5,5,1
"438",1,1,1,0,1,0,1,1,0,1,1,1,1,1,1,1,0,0,0,1,0,1,1,1,1,0,1,0,1,1,5,5,2,5,4
"439",1,1,0,0,1,1,1,0,0,0,1,1,0,1,1,0,1,0,0,0,0,0,0,1,1,0,1,0,1,1,3,3,5,3,4
"440",1,1,1,0,1,1,1,1,1,0,1,0,1,1,1,1,0,0,1,1,0,1,1,1,1,0,1,1,1,1,5,4,3,3,4
"441",1,1,1,0,1,1,1,0,1,0,1,1,1,1,1,1,0,0,0,1,1,0,1,1,1,1,1,1,1,1,5,5,5,5,4
"442",1,1,1,1,1,0,1,0,1,0,1,1,1,1,1,1,0,1,1,1,0,1,1,1,1,0,1,1,1,1,5,5,5,5,5
"443",0,0,0,1,1,0,1,0,0,0,1,0,1,0,1,0,1,0,0,0,0,1,0,1,1,0,1,1,1,1,3,4,2,2,1
"444",1,1,1,0,0,1,1,0,1,0,1,1,0,0,1,0,0,0,1,0,0,0,0,1,1,0,1,1,1,1,4,3,5,4,3
"445",0,1,0,0,1,0,0,1,0,0,0,1,1,0,0,0,1,1,1,0,0,0,0,1,1,0,1,0,1,1,3,3,4,2,1
"446",1,1,0,1,0,1,1,1,1,0,1,1,1,1,1,1,1,0,1,1,0,1,1,1,1,0,1,1,1,1,3,4,3,5,5
"447",0,1,0,0,0,0,1,1,0,1,1,1,1,1,1,1,1,0,0,0,0,1,0,1,1,1,1,0,1,1,4,3,5,2,3
"448",1,1,1,1,1,1,1,1,1,0,1,1,1,1,1,1,0,0,1,1,1,1,1,1,1,1,1,1,1,1,5,5,5,5,5
"449",0,0,1,0,0,0,1,0,0,0,0,1,1,0,1,0,1,1,1,1,0,0,0,0,0,0,0,0,0,0,3,3,5,5,3
"450",0,1,0,0,0,0,1,0,0,0,0,0,0,0,0,0,1,0,0,1,0,0,0,0,0,1,0,1,0,1,2,2,1,1,3
"451",0,1,0,1,0,0,1,0,0,0,1,1,1,1,1,0,0,0,1,1,0,0,0,1,1,0,1,1,1,1,4,4,5,5,3
"452",0,1,0,0,0,0,1,0,1,1,0,1,1,0,1,0,1,0,0,0,0,0,0,1,1,0,1,0,1,1,2,3,2,3,3
"453",1,1,0,0,1,1,1,0,1,0,1,1,1,1,1,1,0,0,1,1,0,0,0,1,1,1,1,1,1,1,4,4,5,5,3
"454",0,1,1,1,1,0,1,0,1,0,1,1,1,1,0,1,1,1,1,1,0,1,1,1,1,0,1,0,1,1,5,4,5,5,4
"455",1,1,1,1,1,1,1,1,1,0,1,1,1,0,1,1,0,0,1,1,1,1,0,1,1,1,1,1,1,1,4,5,5,5,5
"456",1,0,0,1,0,0,1,1,1,1,1,0,1,1,1,1,1,0,1,0,0,0,0,1,1,0,1,0,1,1,3,3,3,4,2
"457",0,0,0,1,0,0,1,0,0,0,0,0,1,0,1,0,0,0,1,0,0,0,0,0,1,0,1,0,1,1,4,4,5,3,2
"458",1,0,0,0,0,1,0,0,0,0,1,1,1,1,1,0,1,0,0,0,0,0,0,0,1,1,1,0,0,0,4,2,3,1,3
"459",1,1,0,0,0,0,1,1,1,1,1,1,1,0,1,0,0,0,1,1,0,0,1,1,1,1,1,1,1,1,4,5,3,3,5
"460",1,1,0,0,1,1,1,0,1,0,1,1,1,1,1,1,0,1,1,1,0,1,0,1,1,1,1,1,1,1,5,4,4,5,2
"461",1,1,0,1,1,0,1,1,1,1,1,1,1,0,0,0,1,1,0,1,0,0,0,1,1,1,1,0,1,1,4,1,5,4,4
"462",1,1,1,0,0,1,1,0,1,0,1,1,1,0,1,0,0,1,0,1,0,0,0,1,1,0,1,0,1,1,3,4,5,5,3
"463",1,0,0,0,0,0,0,0,0,1,0,1,1,1,0,0,1,0,0,0,0,0,0,0,0,0,1,0,0,1,4,1,5,3,3
"464",0,1,0,0,0,0,1,0,0,1,1,0,1,1,0,0,1,0,0,1,1,0,0,0,1,1,1,0,1,1,3,3,3,3,1
"465",1,1,1,0,0,0,1,1,1,1,1,0,0,1,1,0,0,0,1,1,1,1,1,1,1,1,1,1,1,1,3,3,2,3,1
"466",1,1,1,1,1,1,1,1,0,0,1,1,1,1,1,1,1,0,1,1,1,1,1,1,1,0,1,1,1,1,5,5,2,5,5
"467",1,0,0,0,0,1,1,0,1,1,0,1,1,1,1,0,0,0,1,0,0,0,0,1,1,1,1,0,1,1,4,4,4,2,1
"468",1,1,0,0,1,1,1,0,1,1,1,1,1,1,1,0,0,0,1,0,0,1,0,1,1,0,1,1,1,1,3,4,3,5,3
"469",0,1,0,1,0,1,1,0,1,0,0,0,0,0,1,0,0,0,1,0,0,0,0,1,1,1,1,0,1,1,4,4,3,5,1
"470",1,1,0,0,0,0,1,0,0,0,0,1,1,0,1,0,0,0,1,1,0,0,0,0,0,0,1,1,1,1,3,4,2,4,4
"471",1,1,0,1,0,0,1,1,1,0,0,1,0,1,1,1,1,0,1,1,0,0,1,1,1,0,1,1,1,1,4,4,5,5,3
"472",1,1,0,0,0,1,1,1,0,1,1,1,0,0,1,0,1,0,1,0,0,0,0,1,1,1,1,0,1,1,3,4,5,2,5
"473",0,1,0,0,1,1,1,1,0,0,1,0,1,0,1,0,0,0,1,1,0,0,0,1,1,1,1,0,1,1,4,4,5,5,5
"474",1,1,0,1,1,0,1,1,1,0,1,1,1,1,1,0,1,0,1,1,0,1,1,1,1,0,1,1,1,1,4,5,5,5,4
"475",0,1,0,1,1,0,1,0,1,1,1,0,1,1,1,0,0,1,0,1,0,0,0,0,1,0,1,1,1,1,5,4,3,5,3
"476",1,0,0,0,0,0,1,0,0,0,0,0,1,0,0,0,1,0,0,1,0,1,0,0,0,0,0,0,0,0,3,3,1,4,1
"477",1,1,1,1,1,0,1,1,1,0,1,1,1,1,1,1,0,1,1,1,1,1,1,1,1,1,1,1,1,1,4,5,5,5,5
"478",1,1,1,0,0,1,1,1,1,0,1,1,0,1,1,1,0,0,1,1,1,1,1,1,1,1,1,1,1,1,4,5,5,4,5
"479",0,1,1,0,1,1,1,0,1,0,1,1,1,1,0,1,0,0,0,1,0,1,1,1,1,1,1,0,1,1,5,4,3,4,4
"480",0,1,0,0,0,1,1,1,1,1,1,1,1,1,0,0,0,0,0,1,0,0,0,1,1,1,1,0,0,1,4,4,1,5,1
"481",0,1,1,0,1,1,1,0,0,1,1,1,1,0,1,1,0,1,0,1,0,0,0,1,1,1,1,1,1,1,4,4,5,4,4
"482",1,0,1,0,0,1,1,1,0,0,0,0,1,0,1,0,0,1,0,0,1,0,0,1,1,1,1,1,1,1,4,4,5,3,1
"483",1,0,0,0,0,0,1,0,0,1,0,1,1,0,1,0,0,0,0,0,0,0,0,1,1,1,1,0,1,1,3,3,3,5,4
"484",0,0,0,0,0,0,1,0,0,0,0,0,1,0,0,0,0,0,0,0,0,1,0,1,1,0,1,0,0,1,3,2,3,5,1
"485",1,1,0,0,1,1,1,0,1,0,1,1,1,0,1,1,1,0,1,1,0,0,1,1,1,1,1,1,1,1,4,4,4,5,4
"486",1,1,0,0,1,0,1,1,1,1,0,1,1,0,1,1,0,0,1,0,0,0,0,1,1,1,1,0,1,1,5,4,3,5,5
"487",1,1,1,1,1,1,1,1,1,0,1,1,1,1,1,1,0,1,1,1,1,1,1,1,1,1,1,1,1,1,4,5,5,5,5
"488",1,1,0,0,0,1,1,1,0,1,0,1,1,0,1,0,0,0,1,0,0,0,0,1,1,1,1,0,1,1,2,3,5,3,3
"489",0,1,0,1,0,1,1,0,0,0,0,1,1,1,1,1,0,0,0,0,0,1,0,1,1,0,1,0,1,1,3,3,4,3,3
"490",1,1,0,1,1,1,1,1,1,1,0,1,1,1,1,0,0,0,1,0,1,0,0,1,1,0,1,1,1,1,4,4,5,4,3
"491",1,1,0,0,0,1,1,0,1,0,1,1,1,1,1,0,1,0,0,0,0,0,0,1,1,0,1,0,0,1,4,3,5,2,4
"492",1,1,1,0,1,1,1,1,1,0,1,0,1,1,1,1,0,0,1,1,0,0,0,1,1,0,1,0,1,1,4,4,3,3,2
"493",0,1,0,0,1,0,1,0,1,1,1,1,1,1,1,1,0,1,1,1,0,0,1,1,1,1,1,1,1,1,4,4,5,5,4
"494",1,1,0,0,0,0,1,0,1,0,0,0,1,0,0,0,1,0,0,0,0,0,0,1,1,0,1,0,1,1,4,4,5,5,3
"495",1,1,0,0,1,0,1,1,0,0,0,1,1,1,1,0,1,0,0,1,0,1,0,1,1,0,1,1,1,1,4,4,5,3,3
"496",0,1,1,0,1,1,1,1,1,1,0,1,1,0,1,1,0,0,1,1,0,0,0,1,1,0,1,1,1,1,4,4,1,3,5
"497",1,1,1,1,1,0,1,1,1,0,1,1,1,1,1,1,1,1,1,1,1,1,1,1,1,1,1,1,1,1,5,5,5,5,5
"498",1,0,0,0,0,0,1,0,0,0,0,0,0,0,0,0,0,0,0,0,0,1,0,1,0,1,1,0,0,1,2,3,5,1,1
"499",1,1,0,0,0,1,1,0,0,0,1,1,1,1,1,0,1,0,1,1,0,0,1,1,1,1,1,0,1,1,4,5,5,4,4
"500",1,1,0,0,0,0,1,0,0,1,1,0,1,0,0,0,0,0,0,0,0,0,0,0,1,0,1,0,0,1,2,1,5,1,1
"501",0,1,0,1,1,0,1,0,0,0,0,1,1,0,1,0,0,0,0,0,1,0,0,0,0,0,1,0,1,1,3,2,3,2,3
"502",1,1,1,0,0,0,0,0,0,0,0,1,1,0,1,0,0,1,0,0,0,0,0,0,0,1,1,0,0,1,4,2,3,4,3
"503",1,1,1,1,0,1,1,1,1,0,1,1,1,1,1,1,0,0,1,1,0,0,1,1,1,0,1,1,1,1,4,4,3,5,4
"504",0,1,0,1,0,0,1,0,0,0,1,1,1,0,1,0,1,1,0,1,0,1,0,1,1,0,1,0,1,1,3,4,2,2,4
"505",1,1,1,0,1,1,1,1,1,0,1,1,1,1,1,0,1,1,1,1,1,0,1,1,1,1,1,1,1,1,4,4,5,5,5
"506",1,1,0,1,1,0,1,1,1,1,1,1,1,1,1,1,0,0,1,1,0,1,0,1,1,1,1,0,1,1,4,4,5,5,3
"507",1,1,1,0,0,1,1,0,0,1,1,1,1,0,1,0,0,0,0,1,0,0,0,1,1,0,1,0,1,1,4,4,2,3,4
"508",1,1,0,0,0,1,1,0,0,0,1,0,1,0,0,0,1,0,0,0,0,1,0,1,1,1,1,0,1,1,3,4,4,3,1
"509",0,0,0,1,0,0,0,0,0,0,0,0,1,1,1,0,1,0,0,0,0,0,0,0,0,0,1,0,1,0,3,1,2,3,2
"510",1,1,0,0,0,0,1,0,1,0,0,1,1,0,1,0,1,0,0,1,0,0,0,1,1,1,1,0,0,1,3,4,5,4,4
"511",1,1,1,0,1,1,1,1,1,1,1,1,1,1,1,1,0,0,1,1,0,0,0,1,1,0,1,1,1,1,4,5,1,1,4
"512",1,1,0,0,0,0,1,0,1,1,1,1,1,0,0,1,1,0,0,0,0,0,1,1,1,1,1,0,1,1,4,5,4,5,4
"513",1,1,1,0,0,1,1,0,1,1,1,1,1,0,1,1,1,0,1,1,0,0,1,1,1,0,1,1,1,1,5,4,4,5,3
"514",1,1,1,0,1,1,1,1,1,0,1,1,1,1,1,1,0,0,0,1,0,1,1,1,1,1,1,1,1,1,4,5,3,5,3
"515",1,0,0,0,0,0,1,1,0,0,1,0,1,1,1,0,0,0,0,0,0,0,1,1,0,1,1,0,1,1,3,3,5,3,2
"516",1,1,0,0,0,0,1,0,1,1,0,1,1,0,0,0,0,0,0,0,0,1,0,1,1,0,1,0,0,1,3,4,3,2,4
"517",1,0,1,0,0,1,0,0,0,0,0,1,1,0,1,0,1,0,0,1,0,0,0,1,1,0,1,1,0,1,3,4,5,2,1
"518",1,0,0,0,0,1,1,1,0,0,1,1,1,0,1,1,1,0,0,0,0,0,0,1,1,0,1,0,0,1,4,3,5,3,3
"519",1,1,1,1,0,1,1,0,0,1,1,1,1,1,1,0,0,0,0,0,1,0,0,0,1,0,1,0,0,0,3,2,4,5,4
"520",1,1,0,0,0,0,0,0,1,0,0,0,1,1,1,0,0,0,1,0,0,1,0,1,1,0,1,0,1,1,4,3,5,3,4
"521",1,0,0,0,0,0,1,0,0,1,0,1,1,1,1,0,1,0,1,0,0,0,0,0,0,1,1,0,0,0,3,3,1,2,2
"522",0,1,1,0,0,0,1,0,0,0,0,1,0,0,1,0,1,0,0,0,0,1,0,0,0,1,1,0,0,1,3,1,1,4,1
"523",1,0,0,0,0,1,1,0,0,0,1,0,0,1,1,0,1,0,0,0,0,0,0,0,0,1,1,1,0,1,1,1,2,1,1
"524",1,1,0,1,0,1,1,1,1,0,1,1,1,1,1,1,1,0,0,1,1,0,0,1,1,1,1,1,1,1,4,4,3,5,4
"525",1,1,0,0,1,1,1,1,1,1,1,1,1,1,1,1,0,1,1,1,0,0,1,1,1,1,1,1,1,1,3,5,5,5,2
"526",1,1,1,1,0,1,1,0,0,0,0,1,1,1,1,0,0,0,1,1,0,1,0,1,1,0,1,0,1,1,3,2,3,3,3
"527",1,1,1,0,1,1,1,1,1,1,1,1,1,1,1,1,0,1,1,1,0,1,1,1,1,1,1,1,1,1,5,5,4,5,3
"528",0,0,0,0,0,0,1,0,0,1,1,1,1,0,0,0,1,0,0,0,0,1,0,1,1,0,1,0,1,1,3,4,3,1,4
"529",1,1,0,1,1,1,1,1,1,0,1,1,1,1,1,1,0,0,1,1,0,1,0,1,1,1,1,1,1,1,4,5,3,5,5
"530",0,0,0,0,0,0,1,0,0,1,1,1,1,0,0,0,1,0,0,1,0,1,0,1,0,0,1,0,0,1,3,3,2,1,1
"531",0,0,0,0,0,0,0,0,0,0,0,1,1,0,0,0,1,0,0,1,1,0,0,0,0,1,1,0,0,0,3,3,3,4,1
"532",1,1,0,0,0,0,0,0,0,0,0,1,1,0,0,0,0,1,1,1,0,0,0,0,0,0,0,0,0,1,3,2,2,2,1
"533",0,1,1,0,0,1,0,0,0,0,0,0,0,1,0,0,0,0,0,0,0,1,0,0,0,0,1,0,0,1,3,3,3,2,2
"534",0,0,0,0,1,0,0,1,0,1,1,1,1,0,0,0,0,0,1,0,0,0,0,1,0,0,1,0,1,1,4,4,4,2,3
"535",1,1,0,0,0,0,1,0,0,1,0,0,1,0,1,0,1,0,0,0,1,0,1,1,1,0,1,0,1,1,3,3,4,1,4
"536",1,1,0,0,0,0,1,0,0,1,1,0,1,1,1,0,0,1,0,0,0,0,0,1,0,0,1,0,0,0,5,3,3,2,1
"537",1,1,1,1,1,1,1,1,1,0,1,1,1,1,1,1,0,0,1,1,0,1,1,1,1,1,1,1,1,1,3,5,5,5,4
"538",1,1,1,0,1,1,1,1,1,0,1,1,1,1,1,1,0,1,1,1,0,1,1,1,1,1,1,1,1,1,5,5,5,5,5
"539",1,1,1,1,1,1,1,1,1,0,1,0,1,1,1,1,1,0,1,1,1,0,1,1,1,1,1,1,1,1,4,5,5,5,5
"540",1,1,1,1,1,1,1,1,1,0,1,1,1,1,1,1,0,0,1,1,1,1,1,1,1,1,1,1,1,1,5,5,4,5,2
"541",1,1,0,0,0,0,1,1,1,1,1,0,1,1,1,1,1,0,0,1,0,0,1,1,1,0,1,0,1,1,5,4,5,5,4
"542",0,1,0,0,1,0,1,1,0,0,0,1,0,0,1,0,0,0,0,1,0,1,0,1,1,1,1,1,1,1,3,4,5,2,3
"543",1,1,1,0,0,1,0,1,0,1,1,0,1,0,1,1,0,0,0,0,1,1,0,1,1,0,1,0,1,1,2,5,3,5,3
"544",1,1,1,0,0,0,1,0,0,1,0,0,1,0,1,0,1,0,0,0,1,1,0,1,1,0,1,0,0,1,4,3,5,4,2
"545",1,0,0,0,0,0,1,0,0,0,0,1,1,1,1,0,1,0,1,1,0,0,0,0,0,0,1,1,0,1,2,4,2,3,3
"546",0,1,0,0,1,1,1,1,0,0,0,1,1,0,0,0,0,0,0,1,0,0,1,1,1,1,1,0,0,1,3,4,5,5,3
"547",0,1,1,0,1,0,1,1,1,1,1,1,1,0,1,1,0,0,1,1,0,1,0,1,1,1,1,1,1,1,4,4,1,5,4
"548",1,1,1,0,0,1,1,1,1,0,1,1,1,1,1,1,0,0,0,1,0,0,0,1,1,1,1,1,1,1,4,4,5,5,4
"549",1,1,1,1,1,0,1,1,1,0,1,1,1,1,1,1,0,1,1,1,1,0,1,1,1,1,1,1,1,1,5,5,5,5,5
"550",1,0,0,0,0,1,1,0,0,0,0,1,1,0,1,0,0,0,0,0,0,0,0,0,1,0,1,0,1,1,2,3,5,5,3
"551",1,1,0,1,1,1,1,0,0,0,1,1,1,1,1,0,0,0,0,0,0,0,0,1,1,0,1,0,1,1,3,4,4,4,2
"552",1,1,1,0,0,0,1,0,0,0,1,0,1,0,0,0,1,0,0,0,0,0,0,1,0,0,1,0,0,0,3,2,3,5,1
"553",1,0,0,0,0,1,1,0,0,0,0,1,1,1,0,0,1,0,1,0,0,0,0,0,0,0,1,0,0,1,3,3,5,4,1
"554",1,1,1,1,1,1,1,1,0,0,1,1,1,1,1,1,1,1,1,1,0,1,0,1,1,1,1,0,1,1,4,4,4,5,4
"555",1,1,0,0,1,0,1,0,0,1,0,1,1,0,0,0,0,0,0,1,0,1,0,1,1,0,1,0,1,1,2,4,2,5,2
"556",0,1,0,1,0,1,1,0,1,0,1,0,1,1,1,1,1,0,1,1,0,0,0,1,1,1,1,1,1,1,5,4,3,5,4
"557",1,1,0,0,0,0,1,0,0,1,1,0,1,0,0,1,1,0,0,0,0,0,0,0,1,0,1,1,1,1,2,3,1,1,2
"558",0,0,0,0,0,0,0,0,0,0,0,0,1,0,0,0,1,0,1,0,0,0,0,0,0,0,0,0,0,1,2,1,3,1,1
"559",1,1,1,0,1,1,1,1,1,0,1,1,1,1,1,1,0,1,0,1,1,1,1,1,1,1,1,1,1,1,5,5,5,5,5
"560",1,1,0,0,0,0,1,0,0,0,0,0,1,0,0,1,0,0,0,1,0,1,0,1,1,0,1,0,1,1,4,4,5,4,3
"561",1,1,0,0,0,0,1,0,0,1,1,0,1,1,1,1,1,0,1,0,0,1,0,0,1,1,1,0,1,1,4,3,2,5,3
"562",0,1,1,0,0,0,1,0,0,0,0,1,1,0,0,0,1,0,1,0,1,1,0,0,1,0,1,0,0,1,1,2,5,1,1
"563",0,0,0,0,0,1,0,0,0,0,0,0,0,0,0,0,1,0,0,0,1,0,0,0,0,0,1,0,0,1,1,1,2,1,1
"564",1,0,0,0,0,0,1,0,0,0,0,0,1,0,0,0,0,0,0,0,0,0,0,1,0,0,0,0,0,1,1,3,5,2,2
"565",1,1,1,1,1,1,1,1,1,0,1,1,1,1,1,1,0,0,1,1,0,1,1,1,1,1,1,1,1,1,4,5,5,5,5
"566",1,1,0,1,1,1,1,0,1,1,0,1,0,0,1,1,1,0,1,0,0,1,0,1,1,0,1,0,1,1,4,4,5,2,3
"567",0,1,1,1,1,1,1,1,1,0,1,1,1,0,0,1,0,0,1,1,0,1,1,1,1,0,1,1,1,1,4,4,5,5,4
"568",0,1,0,0,1,1,1,1,0,0,1,0,1,1,1,1,0,0,1,1,0,1,1,1,1,0,1,0,1,1,4,5,4,5,4
"569",1,1,1,1,1,1,1,0,1,0,1,1,1,1,1,1,0,0,1,1,1,1,1,1,1,0,1,1,1,1,5,5,4,5,5
"570",1,1,1,1,1,0,1,1,1,0,1,1,1,1,1,0,0,0,1,1,0,0,1,1,1,0,1,1,1,1,5,5,5,5,5
"571",1,0,0,0,0,0,1,1,0,1,1,0,1,1,0,0,1,0,0,0,0,1,0,0,0,1,1,0,1,1,4,2,5,2,3
"572",1,1,0,0,1,0,1,0,1,0,0,1,1,0,0,0,0,0,0,1,0,1,1,1,0,0,1,0,0,1,3,3,5,5,3
"573",0,0,0,0,0,0,0,0,0,0,0,0,0,0,1,0,1,0,1,0,1,0,0,0,0,1,0,0,1,1,3,2,4,4,1
"574",1,0,0,0,0,1,0,0,1,0,0,1,1,0,1,0,1,0,0,1,0,0,0,0,0,0,1,1,0,1,2,2,1,1,1
"575",1,1,1,1,1,1,1,1,1,0,1,1,1,1,1,1,0,0,1,1,1,1,1,1,1,0,1,1,1,1,5,5,5,5,5
"576",1,1,0,0,0,0,1,1,0,1,1,1,1,0,1,1,1,0,0,1,0,0,0,1,1,0,1,1,1,1,3,4,5,4,3
"577",1,1,0,0,0,1,1,1,0,0,1,1,1,0,1,1,1,0,0,0,0,0,0,1,1,0,1,0,1,1,3,4,3,5,3
"578",1,1,0,1,1,0,1,1,0,1,1,1,1,1,1,0,1,0,1,1,0,0,0,1,1,0,1,0,1,1,4,4,5,2,3
"579",0,1,0,0,0,0,0,0,0,1,0,0,1,0,0,0,1,0,0,0,0,0,0,0,1,1,0,0,0,0,3,2,4,5,1
"580",1,1,0,0,0,0,1,0,0,0,1,0,1,0,1,1,1,1,0,1,0,0,0,1,1,1,1,0,1,1,4,4,5,5,3
"581",1,0,0,0,0,0,0,0,0,0,0,0,1,0,0,0,1,0,1,0,0,0,0,0,1,1,0,0,1,0,3,4,2,4,2
"582",0,1,0,0,0,0,0,0,0,0,0,1,1,0,1,0,1,1,0,0,1,1,0,0,1,0,1,0,1,1,4,1,1,3,1
"583",0,1,1,1,0,1,1,0,0,1,0,0,1,0,1,1,0,0,1,0,0,1,0,1,1,1,1,1,1,1,3,4,3,5,5
"584",0,1,1,0,1,1,1,0,0,1,1,0,1,0,0,0,1,0,1,0,1,0,0,1,1,0,1,0,0,0,3,3,2,2,4
"585",1,1,0,0,0,1,1,1,0,0,1,0,1,1,1,1,0,0,1,1,0,1,1,1,1,0,1,0,1,1,4,4,5,2,5
"586",1,0,0,0,0,0,1,0,0,0,0,0,1,0,0,0,1,0,1,0,0,0,0,0,0,0,0,0,0,0,1,1,3,2,3
"587",1,0,0,1,0,1,1,0,1,0,0,1,0,1,1,0,0,0,0,0,0,0,0,1,1,0,1,1,1,1,4,4,4,4,3
"588",1,1,1,1,0,1,1,0,0,1,0,1,1,0,1,1,0,0,1,0,0,0,0,1,1,0,1,1,1,1,3,5,3,5,2
"589",1,1,0,0,1,1,1,1,1,0,1,1,1,1,1,1,0,0,0,1,0,0,0,1,1,1,1,1,1,1,5,3,5,5,3
"590",0,1,1,0,1,1,1,0,1,0,1,1,1,1,1,1,0,0,1,1,0,0,1,1,1,0,1,1,1,1,4,4,5,5,5
"591",1,0,0,0,0,0,1,0,0,0,0,1,1,0,0,0,1,0,0,1,0,0,0,0,0,0,1,0,0,0,3,1,1,2,1
"592",1,1,1,1,1,1,1,0,1,0,1,1,1,1,1,1,0,0,1,1,0,0,1,1,1,1,1,1,1,1,4,4,5,2,3
"593",0,0,1,0,0,0,1,0,0,0,0,1,1,1,0,0,1,0,0,0,0,0,0,0,0,0,0,0,0,0,1,2,2,2,1
"594",1,1,1,1,1,1,1,1,1,0,1,0,1,1,1,1,0,1,1,1,1,1,1,1,1,1,1,1,1,1,5,5,5,5,5
"595",1,0,0,0,0,0,0,0,0,0,1,0,1,1,0,0,0,0,0,0,0,1,0,0,0,0,1,0,1,0,2,2,4,3,3
"596",1,1,1,0,0,0,1,0,0,0,1,1,1,1,1,0,0,0,0,1,1,0,0,1,0,1,1,1,1,1,4,4,3,3,4
"597",1,0,1,0,0,0,0,0,0,0,0,1,0,0,0,0,1,0,0,1,0,0,0,0,0,0,1,0,0,0,2,3,2,2,1
"598",1,1,0,1,1,0,1,1,1,0,1,1,1,1,1,1,0,0,1,1,0,0,1,1,1,0,1,1,1,1,5,5,4,5,3
"599",1,1,0,1,1,1,1,1,1,0,1,1,1,1,1,1,0,0,1,1,0,0,0,1,1,0,1,1,1,1,4,5,5,5,4
"600",1,0,0,0,0,1,0,0,0,0,0,1,1,0,0,0,0,1,0,0,0,0,0,1,1,0,1,0,0,1,2,2,2,2,3
"601",1,1,1,1,1,1,1,1,1,0,1,1,1,1,1,1,0,1,1,1,0,1,0,1,1,1,1,1,1,1,4,4,3,4,5
"602",1,1,0,1,0,0,1,0,0,1,1,0,1,0,1,0,1,0,0,0,1,0,0,1,1,0,1,0,1,1,4,4,5,3,1
"603",1,0,0,0,0,0,1,1,1,0,1,1,1,0,1,0,1,0,1,0,0,0,0,1,1,0,1,0,1,1,4,3,3,5,3
"604",1,1,0,0,0,1,1,0,0,0,1,0,1,0,1,1,0,0,0,0,0,0,0,1,1,0,1,0,0,1,2,3,3,4,3
"605",1,1,1,0,0,1,1,1,1,1,1,1,1,1,1,1,1,0,1,1,0,1,0,1,1,1,1,1,1,1,4,3,5,5,4
"606",1,0,0,0,0,0,1,0,0,1,1,1,1,0,0,0,1,0,0,0,0,1,0,0,1,1,1,0,0,1,3,3,1,2,2
"607",0,1,0,0,0,0,0,0,0,0,0,1,1,0,1,1,1,0,0,0,0,0,0,0,1,0,1,0,1,1,2,4,2,3,3
"608",1,0,0,0,0,1,1,0,0,0,0,1,1,0,0,1,0,0,0,1,0,0,0,0,1,0,1,0,0,0,3,2,1,2,1
"609",0,0,1,0,0,1,0,0,0,1,0,0,1,0,0,0,0,0,1,0,0,0,0,0,1,1,1,0,1,0,4,3,4,4,2
"610",1,1,0,1,0,0,1,1,0,0,0,1,1,1,1,0,0,0,0,1,0,0,1,1,1,1,1,0,1,1,3,5,5,1,3
"611",1,1,1,1,1,1,1,1,1,0,1,1,1,1,0,1,0,1,1,1,0,1,1,1,1,1,1,1,1,1,5,5,5,5,5
"612",1,1,0,1,1,1,1,1,1,0,1,1,1,0,1,1,0,0,1,1,1,0,0,1,1,1,1,1,1,1,4,4,5,5,2
"613",1,1,0,0,1,1,1,1,1,0,1,0,1,1,1,1,0,0,1,1,1,0,0,1,1,1,1,1,0,1,5,5,5,5,4
"614",0,1,1,1,1,0,1,1,1,0,1,1,1,1,1,1,0,0,1,1,0,1,1,1,1,1,1,1,1,1,5,5,5,5,4
"615",1,1,0,1,1,1,1,1,1,0,1,1,1,1,1,1,0,0,1,1,0,1,1,1,1,0,1,1,1,1,3,4,3,4,5
"616",1,1,1,1,0,1,1,1,1,1,1,1,0,1,1,1,1,0,0,1,0,1,0,1,1,1,1,1,1,1,5,5,5,5,4
"617",1,1,1,1,1,1,1,1,1,0,1,1,1,1,1,1,0,1,1,1,1,1,1,1,1,1,1,1,1,1,5,5,5,5,5
"618",1,1,0,0,1,1,1,0,1,0,1,1,1,0,1,0,1,0,0,0,0,0,0,1,1,0,1,1,1,1,3,5,3,3,4
"619",1,1,0,1,1,0,1,1,1,1,1,1,1,0,1,1,1,0,1,1,0,1,1,1,1,0,1,0,1,1,4,3,5,4,3
"620",1,1,1,1,1,1,1,1,1,0,1,0,1,1,1,1,1,0,1,1,0,1,1,1,1,1,1,1,1,1,5,5,5,5,5
"621",1,1,0,0,1,1,1,1,1,0,1,0,1,0,1,1,1,1,1,0,0,1,1,1,1,0,1,1,1,1,5,5,5,5,4
"622",1,1,1,1,1,1,1,1,1,0,1,1,1,1,1,1,0,0,1,1,0,1,1,1,1,0,1,1,1,1,5,5,3,5,5
"623",0,0,0,0,0,1,0,0,0,1,1,0,1,0,1,0,1,0,0,0,0,1,0,1,1,0,1,0,0,1,4,3,5,2,5
"624",1,1,0,0,0,0,1,1,0,0,1,1,1,1,1,1,0,0,1,1,0,0,0,1,1,1,1,0,1,1,4,5,2,5,5
"625",1,0,0,0,0,0,1,0,0,0,0,0,1,1,0,0,1,0,0,0,0,1,0,1,1,0,1,0,1,0,2,3,4,2,3
"626",0,0,1,1,0,0,0,1,0,1,0,0,1,0,1,0,0,0,0,0,0,0,0,1,0,1,1,0,1,1,3,3,3,1,1
"627",1,1,0,0,0,1,1,0,0,1,0,1,1,0,1,0,0,0,0,0,0,1,0,1,0,0,1,0,0,0,3,3,5,2,3
"628",1,1,1,0,1,1,0,0,0,1,1,1,1,0,1,0,0,0,0,1,0,1,0,1,1,0,1,0,1,1,3,4,5,5,1
"629",1,0,0,0,0,0,0,0,0,0,0,1,0,1,0,0,1,0,0,0,0,0,0,0,0,0,1,0,0,1,2,2,4,2,4
"630",0,0,1,0,0,0,1,0,0,1,0,0,1,0,1,0,1,0,1,0,0,0,0,0,1,0,1,0,0,1,2,3,3,2,1
"631",1,1,1,1,1,1,1,1,1,0,1,1,1,1,1,1,0,0,1,1,0,1,1,1,1,1,1,1,1,1,4,5,5,5,4
"632",0,0,0,0,0,1,0,0,0,1,0,1,1,0,0,0,1,0,0,0,0,0,0,1,0,1,1,0,0,1,2,1,3,2,1
"633",1,1,1,0,1,0,1,1,1,1,1,1,1,0,0,0,1,0,0,1,0,0,0,1,1,1,1,0,1,1,5,5,5,5,3
"634",1,1,1,1,0,1,1,1,1,0,1,1,1,1,1,1,1,0,1,1,0,0,0,1,1,0,1,0,1,1,4,4,5,3,3
"635",1,1,1,0,0,1,1,0,0,1,1,1,1,0,1,0,1,0,0,1,0,0,0,1,1,1,1,0,1,1,4,4,5,3,2
"636",1,1,0,0,0,0,1,1,1,1,0,1,1,1,1,0,0,0,0,1,0,1,0,1,0,1,1,0,1,1,4,5,5,3,4
"637",1,1,1,1,1,0,1,1,1,0,1,1,1,1,1,1,1,0,1,1,0,1,1,1,1,0,1,1,1,1,4,5,5,5,5
"638",0,0,0,0,0,0,0,0,0,1,0,0,0,1,0,0,1,0,1,0,0,1,0,0,0,1,0,0,1,0,1,1,3,4,2
"639",0,0,0,0,0,0,0,0,0,0,0,0,0,1,1,0,1,0,0,0,0,1,0,0,0,0,0,1,0,1,3,2,1,2,3
"640",1,1,1,0,0,1,0,0,0,1,0,0,1,0,0,0,0,0,0,0,1,0,0,1,0,0,1,1,0,1,3,3,4,2,4
"641",1,1,0,0,0,0,1,0,0,0,0,0,0,0,0,1,1,0,1,0,0,0,0,0,1,0,0,0,1,1,4,3,3,2,1
"642",0,0,0,0,0,0,0,0,0,0,1,0,1,0,0,0,0,0,1,0,0,0,0,0,0,0,1,0,0,0,2,2,2,1,1
"643",1,1,0,0,0,0,1,1,0,1,0,0,1,0,1,1,1,0,0,1,0,0,0,1,1,0,1,0,1,0,3,2,2,3,3
"644",1,1,0,0,0,1,1,1,0,0,1,1,1,0,1,0,1,0,0,1,0,0,0,1,1,1,1,1,1,1,4,4,5,2,2
"645",1,0,0,0,0,0,1,0,0,0,0,1,1,0,0,0,1,0,0,0,0,0,0,0,0,0,0,0,0,0,2,3,4,2,3
"646",1,1,0,1,0,1,1,0,1,0,1,1,1,0,1,1,1,0,1,1,0,1,1,1,1,1,1,1,0,1,4,4,5,3,3
"647",1,1,1,0,0,1,1,1,1,0,1,1,1,1,1,1,0,0,1,1,0,0,1,1,1,1,1,1,1,1,4,5,3,5,3
"648",1,1,0,0,1,0,1,1,1,0,1,1,1,1,0,1,0,0,1,1,0,0,0,1,1,1,1,0,1,1,3,5,5,2,2
"649",1,1,1,0,1,0,1,1,1,0,0,1,1,1,1,1,0,0,0,1,0,1,0,1,1,0,1,0,1,1,4,5,3,4,3
"650",1,1,0,0,1,1,1,1,1,0,1,1,1,1,1,1,0,1,0,1,1,0,0,1,1,0,1,1,1,1,5,5,5,4,3
"651",1,0,1,1,0,0,1,0,0,1,0,1,1,0,1,1,0,0,0,0,0,0,0,1,1,0,1,0,1,1,4,4,5,5,3
"652",1,0,0,0,0,0,0,0,0,0,1,1,1,0,1,0,1,0,0,1,0,0,0,0,1,0,0,0,0,0,3,3,2,3,3
"653",1,1,1,1,1,1,1,1,1,0,1,1,1,1,0,1,0,0,0,1,0,0,1,1,1,0,1,1,1,1,4,4,5,5,3
"654",1,1,1,0,1,1,1,1,1,0,1,1,1,1,1,1,1,0,1,1,0,0,1,1,1,0,1,1,1,1,5,4,3,4,4
"655",1,1,0,0,0,1,0,1,0,1,1,1,1,0,0,1,1,0,1,1,0,0,0,1,1,0,1,0,1,1,3,4,5,4,4
"656",1,1,0,1,1,0,1,1,1,0,1,1,1,1,1,1,1,1,1,1,0,1,1,1,1,1,1,1,1,1,5,3,5,5,3
"657",1,0,0,0,0,0,0,0,0,0,1,1,0,0,0,0,0,0,0,0,0,0,0,0,0,0,1,0,0,1,1,1,5,1,3
"658",1,0,0,0,0,0,0,0,0,0,0,0,0,0,1,0,1,0,0,1,0,1,0,1,0,0,0,0,0,1,2,3,3,3,3
"659",1,1,1,1,1,0,1,1,1,0,1,1,1,1,1,1,0,0,1,1,1,1,1,1,1,1,1,1,1,1,5,5,5,3,5
"660",1,1,0,0,0,0,1,1,0,1,1,1,1,1,1,0,1,0,0,1,0,1,1,1,1,1,1,0,1,1,4,4,1,4,3
"661",1,1,1,1,0,0,1,0,0,1,0,0,1,1,1,0,0,0,0,1,0,1,0,1,1,1,1,0,0,1,3,4,4,3,3
"662",1,1,0,1,1,1,1,0,1,0,1,1,1,1,1,0,1,0,1,1,0,1,1,1,1,1,1,0,1,1,3,4,4,5,4
"663",1,1,0,0,0,0,1,1,0,1,1,1,1,0,1,0,0,0,0,1,0,1,0,1,1,1,1,0,0,1,3,3,1,5,3
"664",1,1,0,1,1,1,1,0,0,0,0,1,1,0,1,0,1,0,1,1,0,1,0,1,1,0,1,0,1,1,4,4,5,5,3
"665",1,1,1,0,1,1,1,1,1,1,1,1,1,1,1,1,0,0,1,1,0,1,1,1,1,1,1,0,1,1,4,5,5,5,4
"666",1,0,0,0,0,1,1,1,1,0,1,0,1,0,0,0,1,0,1,0,0,0,0,1,1,0,1,0,1,1,4,3,3,5,5
"667",1,0,1,0,0,0,1,0,0,0,0,0,1,0,1,0,1,0,0,1,0,0,0,1,1,0,1,0,1,1,2,3,3,2,1
"668",0,0,0,0,0,0,1,0,0,0,1,1,0,0,1,0,0,0,0,0,0,1,0,0,0,1,1,0,1,0,2,2,2,1,2
"669",0,0,0,0,0,0,0,0,0,0,0,1,0,0,0,0,1,0,0,0,0,0,0,1,0,0,0,0,1,0,1,1,1,1,3
"670",1,0,1,0,0,0,1,0,0,0,1,0,1,0,0,0,1,0,0,0,0,0,0,0,1,0,1,0,1,1,4,3,5,5,3
"671",1,1,1,0,1,1,1,1,1,0,1,1,1,1,1,1,1,0,1,1,1,1,1,1,1,0,1,1,1,1,4,5,3,5,4
"672",0,1,0,0,0,0,1,1,0,0,0,0,1,1,0,0,1,0,1,0,0,1,0,1,0,0,0,0,0,0,2,2,2,2,1
"673",1,1,1,1,0,1,1,1,1,0,1,1,1,1,1,0,0,0,1,1,0,0,0,1,1,1,1,1,1,1,4,5,5,5,5
"674",1,1,1,1,1,1,1,1,1,0,1,1,1,1,1,1,0,1,1,1,1,1,1,1,1,1,1,1,1,1,5,5,5,5,5
"675",0,0,0,1,1,0,1,0,0,0,0,1,1,0,1,0,1,0,0,1,1,0,0,1,1,1,1,0,1,0,4,4,5,5,2
"676",1,1,1,1,1,0,1,1,1,0,1,1,1,1,1,1,0,1,0,1,0,1,1,1,1,0,1,1,1,1,4,4,5,5,4
"677",1,1,1,1,0,0,1,0,1,1,1,1,0,0,0,0,0,1,1,1,1,1,0,1,1,0,1,0,1,1,3,4,5,4,4
"678",1,1,0,1,1,1,1,0,0,1,1,1,1,0,0,0,1,0,0,1,0,0,0,1,1,1,1,0,0,1,3,4,3,3,3
"679",1,1,1,1,0,0,1,1,1,0,1,1,0,1,1,1,0,1,1,1,0,0,1,1,1,1,1,1,1,1,4,4,5,5,5
"680",0,1,0,0,0,1,1,1,0,1,0,1,1,0,0,0,0,0,1,0,0,0,0,1,0,0,1,0,1,1,2,3,3,3,1
"681",1,1,1,1,1,1,1,1,1,0,1,1,1,1,1,1,0,1,1,1,1,1,0,1,1,1,1,1,1,1,5,5,5,5,5
"682",1,1,0,0,1,1,1,0,1,1,1,1,1,1,1,1,0,0,0,1,0,1,0,1,1,0,1,0,1,1,5,4,2,5,5
"683",0,1,0,0,0,1,1,0,0,1,1,1,1,1,0,0,0,0,0,1,1,0,1,1,1,0,1,1,1,1,2,3,4,5,2
"684",1,1,1,1,1,1,1,1,1,0,1,1,1,1,1,1,1,1,1,1,0,1,1,1,1,1,1,1,1,1,5,5,5,5,5
"685",1,0,0,0,0,1,1,0,0,0,1,1,1,0,1,0,0,0,0,0,0,1,0,0,1,0,1,1,0,1,3,3,1,3,3
"686",0,0,1,0,1,0,1,0,0,1,0,0,0,0,0,0,1,0,0,1,0,0,0,1,0,0,1,0,0,0,3,4,2,1,3
"687",1,1,1,1,1,1,1,0,1,0,1,1,1,1,1,0,0,0,0,1,0,1,1,1,1,0,1,1,1,1,4,5,2,5,3
"688",1,0,0,0,0,0,1,0,0,0,0,0,1,0,0,0,1,0,0,1,0,0,0,0,0,0,1,0,1,0,3,2,3,2,1
"689",0,0,0,0,0,1,1,0,1,0,0,1,1,1,1,0,0,1,0,1,0,0,0,1,1,0,1,0,1,1,3,3,4,5,3
"690",1,1,0,1,1,1,1,1,1,0,1,1,1,1,1,1,0,0,1,1,1,0,0,1,1,0,1,0,1,1,4,4,5,4,3
"691",1,0,0,0,0,0,0,1,0,0,0,1,1,0,0,0,1,0,0,1,0,0,0,0,0,0,1,0,1,0,2,1,2,2,1
"692",1,1,1,1,1,0,1,0,1,0,1,1,1,1,1,1,0,0,1,1,0,1,0,1,1,1,1,1,1,1,4,5,5,3,5
"693",1,1,0,0,1,0,1,1,0,0,1,1,1,0,1,0,0,0,1,1,0,0,0,1,1,1,1,0,1,1,3,4,3,3,5
"694",1,1,0,0,0,1,0,0,0,0,1,0,1,1,0,0,0,0,0,0,0,1,0,1,0,1,1,0,1,1,2,2,1,1,1
"695",1,1,0,1,1,0,1,1,1,0,1,1,1,1,1,1,0,1,1,1,0,1,1,1,1,0,1,0,1,1,5,5,5,5,5
"696",0,1,0,0,0,0,1,0,0,0,1,1,0,0,1,0,0,0,1,0,0,0,1,1,1,0,0,0,0,1,4,3,2,5,4
"697",1,0,1,0,0,1,0,1,0,0,1,0,1,0,0,0,0,0,0,0,0,0,0,1,0,0,1,0,0,1,3,3,2,3,1
"698",0,1,1,1,1,1,1,1,1,0,1,0,1,1,1,1,0,0,0,1,0,1,1,1,1,0,1,1,1,1,4,4,5,5,4
"699",1,1,1,1,1,0,1,1,1,0,1,0,1,1,1,1,1,0,1,1,1,0,1,1,1,1,1,1,1,1,5,4,5,5,5
"700",0,1,0,0,0,0,1,0,0,0,1,1,1,0,1,0,1,0,0,0,0,0,0,0,1,1,1,0,0,0,2,4,3,4,1
"701",1,0,1,0,0,1,1,0,0,0,0,0,1,0,0,0,1,0,0,0,0,1,0,0,1,1,0,0,0,0,3,1,3,3,2
"702",1,1,0,0,0,0,1,1,1,0,1,0,1,0,1,0,0,0,0,1,0,0,0,1,1,1,1,0,1,1,4,4,5,5,3
"703",0,0,0,0,0,0,1,0,0,1,0,0,1,1,0,0,1,0,1,0,0,1,0,0,0,1,1,0,0,0,2,3,4,2,3
"704",1,0,0,0,0,0,0,0,0,0,0,1,0,0,1,0,0,0,0,0,0,0,0,1,1,0,1,0,0,1,2,3,2,2,3
"705",1,1,1,0,0,1,1,0,1,0,1,1,1,0,1,0,0,0,1,1,0,0,0,1,1,1,1,1,1,1,4,4,2,5,3
"706",0,0,0,0,0,0,1,0,0,1,0,0,0,0,1,0,0,0,0,0,0,0,0,0,1,1,1,1,0,1,3,4,5,3,3
"707",0,0,0,0,0,0,0,1,0,0,1,1,0,1,0,0,1,0,0,1,0,0,0,0,0,0,1,1,0,0,1,1,2,2,1
"708",1,1,0,0,0,0,1,0,0,0,1,0,1,0,0,0,0,0,1,1,0,0,1,1,0,1,1,0,1,1,4,3,5,5,3
"709",1,1,1,1,1,0,1,1,1,1,1,0,1,1,1,1,0,0,0,1,0,0,1,1,1,0,1,1,1,1,5,4,5,5,4
"710",1,1,1,0,1,1,1,0,0,0,1,1,1,0,1,1,1,0,1,1,0,0,0,1,0,1,1,0,1,1,4,3,1,5,1
"711",0,0,0,0,0,0,0,0,0,0,1,1,0,0,0,0,1,1,0,0,0,0,0,0,0,0,0,0,1,1,2,1,5,2,2
"712",1,0,0,0,1,1,1,1,0,1,0,1,1,0,1,0,1,0,0,1,0,0,1,1,1,0,1,0,1,1,4,4,5,4,3
"713",1,1,1,0,0,1,1,0,1,0,1,1,1,0,1,0,0,1,0,1,0,1,0,1,1,1,1,0,1,1,2,3,4,3,3
"714",1,1,0,0,1,1,1,1,1,0,1,0,1,1,1,1,0,1,1,1,1,1,1,1,1,1,1,1,1,1,4,5,4,3,5
"715",1,1,0,0,0,0,1,1,0,0,0,0,1,0,1,1,0,0,1,0,0,0,0,1,0,0,1,1,0,1,3,3,5,5,3
"716",1,1,0,0,0,1,1,0,1,1,0,1,1,1,1,0,0,0,0,0,0,0,0,1,1,1,1,0,1,1,4,4,5,3,4
"717",1,1,1,1,1,0,1,1,1,0,1,1,1,1,1,1,0,0,1,1,0,0,1,1,1,1,1,1,1,1,4,4,5,5,3
"718",1,0,0,0,0,0,0,0,0,0,1,0,0,0,0,0,0,0,0,0,0,0,0,0,1,0,1,0,0,0,2,1,1,1,1
"719",0,0,0,0,0,1,1,0,1,0,1,1,1,0,0,0,0,0,1,1,0,1,0,1,1,0,1,0,1,1,3,4,4,5,1
"720",1,0,0,0,0,1,1,0,0,0,0,1,0,0,0,0,1,0,0,0,0,0,0,1,1,0,1,0,0,0,3,2,3,5,1
"721",0,0,0,0,0,0,1,0,0,1,0,1,1,0,0,0,1,0,0,1,1,0,0,1,0,0,1,0,0,1,3,2,3,2,1
"722",1,1,0,1,0,0,1,0,1,0,0,1,1,0,1,1,1,0,0,1,1,0,0,1,1,0,1,0,1,1,1,4,2,5,4
"723",1,1,0,0,1,1,1,1,0,1,1,1,1,1,1,1,0,0,0,1,0,0,1,1,1,0,1,0,0,1,4,3,5,5,4
"724",1,0,0,0,0,1,0,0,0,0,0,0,0,0,0,0,1,1,0,1,0,0,0,0,0,0,0,1,0,0,1,1,3,1,1
"725",1,1,1,1,1,0,1,1,0,1,1,1,1,0,1,1,0,0,1,1,0,0,0,1,1,1,1,1,1,1,4,5,1,3,5
"726",0,1,0,0,0,0,1,0,0,0,0,1,1,0,1,0,1,0,0,0,0,1,0,1,1,0,1,0,1,1,3,4,4,2,3
"727",0,0,0,0,0,0,1,0,1,1,0,1,1,0,1,0,0,0,0,0,0,0,0,1,1,0,1,1,1,1,3,3,5,4,2
"728",0,0,0,0,0,0,0,0,0,0,0,0,1,0,1,1,1,0,0,1,0,0,0,1,1,0,1,0,0,0,2,1,5,4,1
"729",0,0,0,0,0,0,0,0,0,0,0,1,1,0,1,0,1,0,1,0,0,1,0,0,0,0,1,0,0,0,2,2,1,5,1
"730",1,1,0,0,0,1,1,0,0,0,0,0,1,0,1,0,1,0,1,0,1,1,0,1,0,1,1,0,0,1,4,3,1,3,2
"731",0,0,0,0,0,1,1,0,0,0,0,0,1,1,1,0,1,1,0,1,0,0,0,0,0,0,1,0,0,1,4,4,5,4,2
"732",0,1,0,0,0,1,1,1,0,0,1,1,0,0,1,0,0,0,0,0,0,1,0,1,1,0,1,0,1,1,4,4,5,2,3
"733",0,1,1,1,1,1,1,1,1,0,1,1,1,1,1,1,0,0,1,1,1,1,1,1,1,1,1,1,1,1,5,5,5,5,5
"734",1,0,0,0,0,0,0,0,0,1,0,0,1,0,0,0,1,0,0,0,0,0,0,0,1,0,1,0,1,1,3,1,5,2,1
"735",1,1,0,1,1,1,1,1,1,0,1,1,1,1,1,1,0,0,1,1,1,1,0,1,1,1,1,1,1,1,4,5,5,5,3
"736",1,1,1,0,0,1,1,1,1,1,0,1,1,0,0,0,1,0,0,1,0,1,1,1,1,0,1,0,1,1,4,4,3,5,4
"737",1,1,0,0,1,0,1,1,0,0,1,1,0,0,1,0,1,0,1,0,0,1,0,1,1,0,1,0,1,1,4,4,5,5,3
"738",1,1,0,1,0,1,1,0,1,1,1,0,1,0,1,0,0,0,0,1,0,0,0,1,1,0,1,0,1,1,4,4,1,5,4
"739",1,1,1,1,0,0,1,0,1,1,1,1,1,1,1,0,1,0,0,0,0,0,1,1,1,1,1,0,1,1,1,3,3,2,3
"740",1,0,0,0,0,1,1,0,0,1,0,1,1,1,1,0,1,0,0,0,0,1,0,0,0,0,1,0,1,1,4,3,5,3,3
"741",1,1,0,1,1,0,1,0,1,0,1,1,1,1,1,1,0,0,1,1,0,0,1,1,1,0,1,1,1,1,4,5,5,5,5
"742",1,1,1,1,1,0,1,0,1,0,1,1,1,1,0,1,0,1,1,1,1,0,1,1,1,1,1,1,1,1,5,5,5,5,5
"743",1,1,1,1,1,1,1,1,1,0,1,1,1,1,1,1,0,0,0,1,0,1,1,1,1,1,1,1,1,1,4,5,5,5,5
"744",0,1,1,0,0,1,1,1,1,0,1,1,1,0,1,1,1,0,0,0,0,0,0,1,1,0,1,0,1,1,4,4,5,5,3
"745",0,0,0,0,0,0,0,0,0,0,0,0,1,0,0,0,1,0,0,0,0,1,0,1,0,1,1,1,0,0,2,3,3,1,1
"746",1,1,1,0,0,0,1,0,0,1,1,1,1,1,1,0,1,1,0,1,0,1,0,1,1,0,1,0,1,0,3,3,3,1,4
"747",0,1,1,1,1,1,1,1,1,0,1,0,1,1,1,1,0,0,1,1,1,1,1,1,1,0,1,1,1,1,5,5,5,5,3
"748",0,0,1,0,0,1,1,0,0,0,1,0,0,0,1,0,1,0,1,0,0,0,0,1,0,0,1,0,1,0,2,2,2,5,1
"749",1,1,0,1,1,0,1,1,1,0,1,1,1,1,1,1,0,0,1,1,0,0,1,1,1,1,1,1,1,1,5,5,5,5,4
"750",1,1,0,0,0,0,1,0,1,1,0,1,1,1,0,0,0,0,0,0,0,0,0,0,1,0,1,0,1,1,1,4,4,5,5
"751",1,1,0,1,1,1,1,1,0,1,0,0,1,1,1,1,1,1,0,1,1,1,1,1,1,0,1,1,1,1,4,5,5,3,5
"752",1,1,0,1,1,0,1,0,1,0,1,1,1,1,1,1,0,0,0,1,0,1,1,1,1,1,1,1,1,1,4,5,5,5,5
"753",1,1,1,1,1,0,1,1,1,1,1,1,1,1,1,1,0,0,1,1,0,0,1,1,1,0,1,0,1,1,5,5,5,3,5
"754",1,0,0,0,0,0,1,1,0,1,1,0,1,1,0,0,0,0,0,0,0,1,0,0,0,0,1,0,1,0,4,4,3,1,3
"755",1,1,0,0,1,0,1,1,1,0,1,1,1,0,1,0,0,0,0,0,0,0,0,1,1,1,1,0,1,1,4,4,3,5,3
"756",0,1,0,1,0,0,0,0,0,0,1,1,1,0,1,0,1,0,0,0,0,0,0,1,1,1,1,0,0,0,4,3,3,3,4
"757",1,1,1,0,1,1,1,1,1,0,1,1,0,1,1,1,1,1,0,1,0,0,0,1,1,1,1,0,1,1,4,4,3,5,3
"758",0,0,0,0,0,0,0,1,0,1,1,1,1,1,1,0,1,0,0,0,0,0,0,0,0,0,1,0,0,1,2,2,5,1,3
"759",1,1,0,0,0,1,1,1,1,0,1,0,1,0,0,0,1,0,0,0,0,0,0,1,1,1,1,0,0,0,3,5,3,3,4
"760",1,1,1,0,1,1,1,1,1,0,1,1,1,1,1,1,0,0,1,1,1,1,1,1,1,1,1,1,1,1,4,5,5,5,5
"761",1,1,0,0,0,0,1,0,1,1,1,1,1,0,1,0,0,0,0,0,0,0,1,1,1,1,1,0,0,1,3,4,5,5,2
"762",1,1,0,1,1,0,1,1,1,0,1,0,1,1,1,0,0,0,1,1,1,0,0,1,1,1,1,0,0,1,4,1,5,5,5
"763",1,1,0,0,1,1,1,1,1,0,0,1,1,0,1,1,0,0,1,1,0,0,1,1,1,0,1,0,0,1,4,4,5,5,5
"764",1,1,1,1,1,1,1,1,1,0,1,1,1,1,1,1,0,1,0,1,0,0,0,1,1,0,1,0,1,1,4,4,3,2,4
"765",0,0,0,0,0,1,0,0,0,0,1,1,1,0,0,0,0,0,1,0,0,0,0,0,0,0,1,0,0,1,2,3,3,2,3
"766",1,0,0,0,0,1,1,0,0,0,0,1,1,0,1,0,0,0,1,0,0,1,0,0,1,0,1,0,0,1,2,4,5,3,4
"767",1,0,0,1,1,0,1,0,0,0,1,1,1,0,1,0,0,0,0,1,0,0,0,1,1,0,1,0,1,1,4,4,4,4,1
"768",1,0,0,0,0,0,1,0,0,0,0,0,0,0,1,0,1,0,0,0,0,1,0,0,0,1,0,0,0,0,2,2,1,3,3
"769",0,1,0,1,1,1,1,0,1,0,1,1,1,0,1,1,1,0,1,0,0,1,1,1,1,0,1,0,1,1,4,4,4,4,4
"770",0,1,1,0,0,0,0,0,0,0,1,0,0,0,0,0,0,0,0,0,0,0,0,0,0,0,0,0,0,0,1,1,3,2,2
"771",0,0,0,0,0,0,1,0,0,1,0,0,1,0,0,0,1,0,0,1,0,0,0,1,0,1,1,0,1,0,3,3,3,1,1
"772",1,1,0,1,0,1,1,1,1,0,1,0,1,0,1,0,0,0,0,1,0,0,1,1,1,1,1,1,1,1,4,4,4,3,3
"773",0,0,0,1,0,0,1,0,0,0,0,0,1,1,0,0,0,0,0,1,0,0,0,0,0,0,1,0,0,1,2,3,3,2,1
"774",1,1,0,1,1,1,1,0,1,0,1,0,1,1,1,1,0,0,0,0,0,0,1,1,1,0,1,0,1,1,4,4,5,4,5
"775",0,0,0,0,0,0,0,0,0,0,0,1,0,0,0,0,1,0,0,0,0,0,0,0,1,0,1,0,0,0,2,3,5,2,2
"776",1,1,0,0,1,0,1,0,0,0,0,1,1,0,1,0,1,0,1,0,0,1,0,1,1,0,1,0,1,1,3,4,5,5,2
"777",1,0,0,0,0,0,0,0,0,0,1,0,0,0,0,0,1,0,0,0,1,0,0,0,0,0,0,0,0,0,1,1,1,1,1
"778",1,1,0,0,0,0,1,0,0,1,0,1,1,0,1,0,1,0,0,1,0,0,0,1,1,0,1,0,1,1,3,4,2,5,3
"779",1,1,0,1,1,0,1,0,0,0,1,1,1,0,1,1,1,0,0,0,0,0,1,1,1,0,1,0,1,1,4,5,3,4,4
"780",1,1,0,0,1,0,1,0,1,1,0,0,1,0,1,0,1,0,1,1,0,0,0,0,1,1,1,0,1,1,4,3,5,3,1
"781",1,0,0,0,0,0,1,0,0,0,0,0,1,1,1,0,1,0,0,1,1,1,0,0,0,0,1,0,0,1,3,3,2,1,2
"782",1,0,0,0,0,0,1,0,1,0,1,0,1,1,0,0,1,1,0,1,0,0,0,0,0,0,0,0,0,1,1,1,3,2,1
"783",0,1,0,1,0,0,1,1,1,0,0,0,1,0,1,0,1,0,0,1,0,0,1,1,1,1,1,1,1,1,5,4,5,5,5
"784",0,1,0,0,1,0,0,0,0,1,0,0,0,1,0,0,1,0,0,0,0,0,0,0,0,0,1,0,1,0,2,3,3,1,1
"785",0,0,0,0,0,1,1,0,0,0,0,0,1,0,0,0,1,0,0,0,0,1,0,0,0,1,1,0,0,0,4,3,5,4,3
"786",1,1,0,1,1,0,1,1,1,1,1,1,1,1,0,1,0,0,1,1,0,1,1,1,1,0,1,1,1,1,4,5,1,5,4
"787",1,0,1,0,0,0,1,1,0,0,1,1,1,0,1,0,0,0,0,0,1,0,0,0,1,0,1,0,1,0,3,3,1,1,3
"788",1,1,1,1,0,1,1,0,1,1,1,1,1,0,0,0,1,0,1,1,0,0,0,1,1,0,1,0,1,1,3,3,5,3,4
"789",1,1,1,1,1,1,1,1,1,0,1,1,1,1,1,1,0,0,1,1,1,0,1,1,1,1,1,1,1,1,5,5,5,5,5
"790",1,1,0,0,1,0,1,1,1,1,1,0,1,1,1,1,1,0,1,1,0,1,0,1,1,0,1,1,1,1,4,4,3,5,3
"791",0,0,0,0,0,0,0,0,1,0,0,0,1,0,0,0,1,0,1,0,0,1,0,0,0,1,0,1,0,1,1,1,1,1,1
"792",1,1,0,1,1,1,1,0,1,0,0,1,1,1,1,1,0,0,1,1,0,1,0,1,1,1,1,1,1,1,5,4,5,5,5
"793",1,0,0,0,0,0,0,0,0,0,0,1,1,1,0,0,1,0,0,0,0,1,0,0,0,0,1,0,0,0,3,2,3,3,2
"794",1,1,1,1,1,1,1,0,0,0,1,1,0,0,1,0,0,0,1,0,0,1,0,1,1,1,1,0,1,1,2,3,3,2,4
"795",0,1,0,1,0,1,0,0,1,1,0,1,1,0,0,1,0,0,0,0,0,1,0,0,0,0,1,0,1,1,3,5,4,4,1
"796",0,1,0,0,0,0,0,0,0,1,1,0,1,0,0,0,1,0,0,0,0,0,0,0,0,0,1,1,0,0,3,3,3,4,1
"797",1,1,0,0,0,1,0,0,0,0,0,0,1,0,0,0,1,1,0,0,1,1,0,0,0,0,1,1,1,1,2,3,4,2,3
"798",1,1,1,1,0,1,1,1,1,0,1,1,1,1,1,0,0,0,0,0,0,0,0,1,1,0,1,0,1,1,3,4,5,5,4
"799",1,0,1,0,0,0,1,0,0,0,0,0,1,0,0,0,1,0,0,0,0,0,0,0,1,0,1,0,0,0,3,1,3,2,3
"800",1,1,0,1,1,0,1,0,0,0,1,1,1,1,1,0,0,0,1,1,0,0,1,1,1,1,1,1,1,1,3,4,5,4,5
"801",1,1,0,1,0,1,1,0,0,1,1,1,1,0,0,0,1,0,0,1,0,1,0,1,0,0,1,0,1,1,3,3,5,4,3
"802",0,1,0,0,0,0,1,0,1,1,1,1,1,1,1,1,0,0,1,1,0,0,1,1,1,0,1,0,1,0,4,5,2,4,3
"803",1,0,0,0,0,1,0,0,0,1,1,0,0,0,1,0,1,0,1,1,1,1,0,0,0,0,1,0,1,1,3,4,5,3,1
"804",0,1,0,0,0,0,0,0,0,0,0,0,0,0,0,0,1,0,0,0,0,0,0,1,0,1,1,0,1,0,1,1,3,2,1
"805",1,1,1,0,0,0,1,1,1,1,1,0,1,1,1,1,1,0,0,0,0,0,0,1,1,0,1,0,0,1,4,3,1,1,3
"806",0,0,0,0,0,0,1,0,0,0,0,1,0,0,0,1,0,0,0,0,0,0,0,0,0,0,1,0,0,0,2,1,2,4,2
"807",1,1,0,0,0,1,1,1,1,1,0,0,1,1,1,1,0,0,1,1,0,0,0,1,1,1,1,0,0,1,4,4,5,5,5
"808",0,0,0,0,0,0,1,0,0,1,0,0,0,0,0,0,1,0,1,0,0,0,0,1,0,1,1,0,0,0,3,3,3,2,2
"809",1,0,0,0,0,0,1,0,0,0,1,1,0,0,1,0,1,0,0,1,0,0,0,1,0,1,1,1,1,0,2,1,4,2,1
"810",0,1,1,0,0,0,0,0,0,0,0,0,0,0,0,0,1,0,0,0,0,0,0,0,0,1,0,0,1,0,1,1,5,2,1
"811",0,0,0,0,0,0,0,0,1,0,0,0,1,0,0,0,1,0,0,0,0,0,0,0,0,0,1,1,0,1,4,3,2,3,3
"812",1,1,1,1,1,1,1,1,1,0,1,1,1,1,1,1,0,1,1,1,0,1,1,1,1,1,1,1,1,1,5,5,5,5,5
"813",1,1,0,0,0,1,1,1,0,1,1,0,1,1,1,0,1,0,1,1,1,0,0,0,1,0,1,1,1,1,5,4,5,5,4
"814",1,1,0,0,1,1,1,1,0,0,1,1,1,0,1,1,1,1,1,1,1,1,1,1,1,1,1,1,1,1,5,4,5,5,3
"815",1,1,0,0,1,0,1,0,1,0,1,1,1,1,1,0,0,1,1,1,0,0,1,1,1,1,1,0,1,1,5,5,5,5,3
"816",1,1,0,1,0,1,1,0,0,0,0,1,0,1,1,1,0,0,0,0,0,1,0,1,1,0,1,0,1,0,4,4,3,4,4
"817",0,0,0,0,0,0,0,0,0,0,0,1,1,0,1,1,0,1,0,0,0,1,0,0,0,0,0,0,0,1,2,2,1,4,1
"818",1,1,1,0,1,0,1,0,1,1,1,1,1,1,1,1,0,0,1,1,0,0,0,1,1,1,1,0,1,1,5,5,5,5,5
"819",0,1,0,0,0,0,1,0,0,0,0,1,1,0,1,0,1,0,0,0,1,1,0,1,1,0,1,0,1,1,3,1,3,4,1
"820",1,1,0,0,0,1,1,0,0,0,0,1,1,1,1,0,0,0,0,0,0,0,0,0,1,0,1,0,1,1,3,4,5,3,3
"821",1,0,0,0,0,0,1,0,0,1,1,1,0,0,0,0,1,0,0,1,0,0,0,0,0,0,1,0,0,0,1,2,4,1,1
"822",0,0,0,0,0,0,0,1,0,0,1,1,1,0,0,0,0,0,0,1,0,0,0,0,1,0,0,0,1,0,2,1,2,2,1
"823",1,1,0,0,1,1,1,1,1,1,1,1,1,0,0,0,0,0,1,0,0,0,0,1,1,0,1,0,1,1,4,4,3,5,3
"824",1,1,0,1,0,1,1,1,0,0,0,1,1,1,1,0,1,0,1,1,0,1,1,1,1,0,1,0,1,1,4,3,4,5,5
"825",1,1,1,0,0,1,1,1,0,1,0,1,1,1,1,1,1,0,0,0,0,1,1,1,1,1,1,0,1,1,5,4,2,5,5
"826",1,1,1,1,1,1,1,1,1,0,1,1,1,1,1,1,1,0,1,1,0,0,0,1,1,1,1,1,1,1,5,4,5,3,5
"827",1,1,1,1,1,1,1,1,1,0,1,1,1,1,1,1,0,0,1,1,1,1,1,1,1,1,1,1,1,1,5,5,5,5,5
"828",0,0,0,0,0,0,0,0,1,0,0,0,1,0,0,0,1,0,1,0,0,1,0,0,0,0,0,0,0,0,2,2,2,1,1
"829",0,1,1,1,1,1,1,1,1,0,1,1,1,1,1,1,1,1,1,1,1,1,1,1,1,1,1,1,1,1,5,5,5,5,5
"830",1,0,0,0,0,0,0,0,1,0,1,1,1,0,1,0,0,0,0,0,0,0,0,0,0,0,1,0,1,1,2,3,1,3,3
"831",1,1,1,1,1,0,1,1,1,0,1,1,1,1,1,1,0,0,1,1,1,0,1,1,1,0,1,1,1,1,4,5,5,5,5
"832",1,1,1,1,1,1,1,1,1,0,1,0,1,1,1,0,1,0,0,1,0,0,0,1,1,0,1,1,1,1,5,5,5,5,1
"833",1,0,0,0,0,0,0,0,1,0,0,0,1,1,0,1,1,0,0,0,0,0,1,1,1,1,1,0,1,0,1,3,4,5,3
"834",1,1,1,1,1,0,1,1,1,0,1,1,1,1,1,1,0,0,1,1,1,1,0,1,1,0,1,1,1,1,4,5,5,5,5
"835",1,1,0,0,0,0,1,0,0,0,1,1,0,1,0,0,0,0,0,1,0,0,0,0,0,0,1,1,0,1,2,4,3,3,1
"836",1,0,0,1,1,1,1,0,1,0,0,1,1,1,1,1,1,0,0,0,1,0,0,1,1,0,1,1,1,1,4,4,5,5,5
"837",1,1,0,1,0,1,1,0,0,0,1,1,1,1,1,1,0,0,1,1,0,1,0,1,1,1,1,0,1,1,4,3,5,5,2
"838",1,0,0,0,0,1,1,0,1,0,1,0,1,0,0,0,1,1,1,0,0,1,0,1,1,0,1,0,1,1,4,5,5,1,3
"839",0,1,0,0,0,0,1,0,0,0,1,1,0,0,1,1,0,0,1,0,0,1,0,1,1,0,1,0,0,1,2,4,3,5,3
"840",0,0,0,0,0,0,0,0,0,0,0,0,1,0,0,0,1,0,1,1,0,1,0,0,1,0,1,0,0,1,2,1,1,1,3
"841",0,1,0,1,0,0,1,1,1,1,1,1,1,1,1,0,1,0,1,1,0,0,1,1,1,0,1,0,1,1,5,4,1,5,5
"842",1,1,1,1,1,1,1,1,1,0,1,1,1,1,1,1,0,0,1,1,1,1,1,1,1,1,1,1,1,1,5,4,5,5,5
"843",1,1,1,1,1,1,1,1,1,0,1,1,1,1,1,1,0,0,1,1,0,0,1,1,1,0,1,1,1,1,5,5,4,5,5
"844",1,0,0,0,0,0,1,0,1,0,0,1,1,0,1,0,0,0,0,0,0,1,0,1,1,0,1,0,1,1,3,3,5,3,4
"845",0,0,0,0,0,0,0,0,0,0,1,0,1,0,1,0,0,1,1,0,0,1,1,0,0,1,1,1,0,0,1,1,3,4,1
"846",1,1,0,0,1,0,1,0,1,1,1,1,1,0,1,1,1,0,1,1,0,0,0,1,1,1,1,1,1,1,4,4,5,5,5
"847",1,1,1,1,1,0,1,1,1,0,1,1,1,1,1,1,0,0,1,1,0,0,1,1,1,0,1,1,1,1,5,4,5,5,5
"848",1,1,0,1,1,0,1,0,1,0,1,1,1,1,1,0,0,1,1,1,0,0,1,1,1,0,1,0,1,1,4,4,5,5,5
"849",1,1,0,0,0,0,0,0,1,0,1,1,1,0,1,1,0,0,0,0,0,0,1,0,1,0,1,0,1,1,5,3,2,3,4
"850",1,0,1,0,0,0,1,1,0,0,0,1,1,0,0,0,1,0,0,0,0,0,0,1,1,1,1,0,0,1,4,4,3,5,3
"851",1,1,0,0,1,0,1,0,0,0,1,0,1,1,1,0,1,0,0,1,0,1,0,1,1,0,1,1,1,0,4,3,5,4,4
"852",1,1,0,1,1,1,1,1,1,0,1,0,1,1,1,1,0,0,1,1,1,1,1,1,1,1,1,1,1,1,5,5,5,5,4
"853",0,0,0,0,0,0,0,0,0,0,1,0,0,0,0,0,0,0,1,0,0,0,0,0,0,0,1,0,0,0,1,1,4,3,1
"854",1,1,0,0,0,1,1,0,0,1,0,1,1,0,1,0,0,0,1,0,0,1,1,1,1,0,1,0,1,1,1,4,5,2,3
"855",1,1,1,0,0,1,1,0,1,0,0,1,1,0,1,1,0,0,1,1,0,0,0,1,1,0,1,0,1,1,2,4,5,3,4
"856",1,1,1,1,1,1,1,0,1,1,1,1,1,1,1,0,1,0,1,1,1,1,0,1,1,1,1,0,1,1,4,4,5,5,2
"857",0,1,0,1,0,0,0,0,0,1,1,0,0,0,0,0,1,0,0,0,0,0,1,0,0,1,1,0,0,0,3,3,1,1,3
"858",0,1,0,0,0,0,1,0,0,1,0,1,0,0,0,0,1,0,0,0,0,0,0,1,1,0,1,0,0,1,2,1,5,3,1
"859",0,0,1,0,0,1,1,0,1,0,0,0,0,0,0,0,1,0,0,0,0,0,0,0,1,0,1,0,1,1,2,3,5,3,1
"860",1,0,0,0,1,0,1,0,0,0,1,0,1,1,0,0,1,0,0,1,0,0,0,0,0,1,1,0,1,1,1,3,4,3,1
"861",0,0,0,0,0,0,1,0,0,0,1,0,1,0,0,0,0,0,0,1,0,0,0,0,0,1,1,0,0,1,5,3,5,4,1
"862",1,1,0,0,0,0,1,0,0,1,0,0,0,1,1,0,1,0,0,0,1,1,0,1,1,0,1,0,0,1,3,3,2,2,3
"863",1,1,1,1,1,0,1,1,1,0,1,1,1,1,1,0,0,0,1,1,0,1,1,1,1,1,1,1,1,1,4,5,3,5,5
"864",1,1,0,1,1,0,1,0,1,0,1,0,1,1,1,1,0,0,1,1,0,0,0,1,1,0,1,0,1,1,4,5,1,5,3
"865",1,0,0,0,0,0,1,0,0,0,0,1,1,0,1,0,1,0,1,0,0,0,0,1,0,0,1,0,0,1,3,3,3,2,2
"866",1,1,1,1,1,0,1,1,1,1,1,0,1,1,1,1,0,0,1,1,0,1,1,1,1,1,1,1,1,1,5,4,5,4,5
"867",0,1,1,0,1,1,1,1,1,1,1,1,1,1,1,1,0,0,1,1,0,0,0,1,1,1,1,1,1,1,3,4,5,2,3
"868",1,1,0,1,0,1,1,0,0,1,0,1,1,0,1,0,1,0,1,1,0,1,0,1,1,0,1,0,1,1,4,4,5,5,5
"869",1,0,0,0,0,0,1,0,0,0,0,1,1,0,1,0,1,0,1,0,0,0,0,0,0,0,1,0,0,1,3,2,3,3,1
"870",0,0,0,0,0,0,1,0,0,1,1,0,1,0,0,0,1,0,0,0,0,0,0,0,1,1,0,0,0,1,3,3,5,3,1
"871",1,1,0,1,1,1,1,1,1,0,0,1,1,0,1,1,0,0,1,0,0,1,0,1,1,0,1,0,1,1,4,4,5,5,4
"872",1,1,0,1,0,0,1,0,1,1,0,1,1,0,0,1,0,0,1,0,0,0,0,1,1,0,1,0,1,1,4,4,5,5,3
"873",1,0,1,0,0,1,0,0,0,1,0,1,1,0,1,0,1,0,0,1,0,0,0,0,0,1,1,0,0,1,4,3,3,1,3
"874",0,0,0,0,1,1,1,0,1,0,0,1,1,0,0,0,1,0,1,1,0,0,0,0,1,0,1,0,1,1,3,4,3,4,3
"875",0,0,1,1,0,0,1,0,0,0,1,0,1,0,0,1,0,0,1,0,0,0,0,0,1,0,1,0,0,1,3,3,2,1,1
"876",0,1,0,0,1,0,1,0,1,1,0,0,1,0,1,0,1,0,0,1,0,0,0,1,1,0,1,0,0,1,3,5,5,5,4
"877",1,1,0,1,0,0,1,0,0,1,0,0,1,0,0,0,1,0,1,1,0,1,0,1,1,1,1,0,1,1,4,4,5,3,2
"878",0,1,0,1,0,0,1,0,0,1,0,0,1,1,1,0,0,0,0,0,0,0,0,1,0,0,1,0,1,1,4,4,5,1,4
"879",1,1,0,0,1,1,1,1,1,0,1,0,1,1,1,1,0,1,1,1,0,1,0,1,1,1,1,1,1,1,4,5,5,5,5
"880",0,0,0,0,0,0,1,1,0,1,1,1,1,0,0,0,0,0,1,0,0,0,0,1,0,0,1,1,1,1,4,4,3,5,4
"881",1,1,1,1,0,1,1,1,1,0,1,1,1,1,1,1,0,1,1,1,1,0,1,1,1,0,1,1,1,1,5,5,5,5,5
"882",0,1,0,0,0,0,1,0,0,1,0,0,1,1,1,0,0,0,0,1,0,0,0,1,1,0,1,0,1,1,4,4,2,3,2
"883",1,1,1,1,0,1,1,0,1,0,1,1,1,0,1,1,1,0,1,1,0,0,0,0,1,0,1,0,1,1,4,4,5,5,4
"884",1,1,1,0,1,0,1,0,0,0,0,1,1,0,1,1,1,0,0,1,0,1,0,1,1,0,1,0,1,1,3,3,3,5,3
"885",0,1,0,0,0,1,1,0,0,0,1,1,1,1,0,0,0,0,1,1,1,0,0,1,1,1,0,0,1,1,4,4,3,5,3
"886",1,0,0,0,0,1,1,1,0,0,0,0,1,0,0,0,1,0,0,0,0,0,0,0,0,1,1,0,0,1,4,1,5,2,3
"887",1,1,1,0,0,0,1,1,0,1,0,0,1,1,0,1,1,1,0,1,0,0,1,1,1,0,1,0,0,1,4,4,3,5,1
"888",1,1,1,0,0,0,1,1,0,1,1,1,1,0,0,0,0,0,1,1,0,0,1,1,1,1,1,0,0,1,4,5,5,5,5
"889",1,1,1,0,0,0,1,1,1,0,0,1,1,0,0,0,0,0,0,0,0,1,0,1,1,0,1,0,1,1,4,4,5,5,3
"890",0,1,0,0,0,1,1,0,0,0,0,1,1,0,1,1,1,1,0,0,0,0,0,0,1,0,1,0,0,1,3,4,5,2,1
"891",1,0,0,0,0,0,0,0,0,0,0,1,1,0,0,0,0,0,0,0,0,0,0,0,0,0,1,0,1,0,2,1,3,2,2
"892",0,1,0,1,1,1,1,0,0,0,0,0,1,0,0,1,1,0,1,1,1,0,0,1,1,1,1,0,1,1,3,4,5,5,3
"893",1,1,1,1,1,0,1,1,1,0,1,1,1,1,1,1,0,0,0,1,0,1,1,1,1,1,1,1,1,1,4,4,3,5,3
"894",0,0,0,0,0,0,1,0,0,0,0,1,0,0,0,0,1,1,0,0,0,1,0,0,0,1,0,0,0,0,2,1,5,2,2
"895",1,1,1,1,1,1,1,1,0,0,1,1,1,1,1,1,0,0,1,1,0,0,0,1,1,1,1,0,1,1,5,5,3,5,3
"896",0,1,0,0,0,0,1,0,0,0,1,0,1,0,1,0,1,1,1,0,0,0,0,0,1,1,1,0,0,1,4,3,4,5,1
"897",1,1,0,0,1,1,1,1,1,0,1,1,1,0,1,1,0,0,1,1,0,1,0,1,1,0,1,0,1,1,4,4,5,5,5
"898",0,1,0,0,0,1,0,1,0,0,1,1,1,1,0,0,0,0,1,0,0,0,1,1,1,0,1,0,1,0,4,4,5,2,4
"899",1,1,1,0,1,1,1,1,0,1,1,1,0,0,1,0,0,0,0,0,0,0,0,1,1,0,1,0,1,1,4,4,4,4,3
"900",1,1,1,1,1,1,1,1,1,0,1,0,1,1,1,1,0,1,1,1,1,1,1,1,1,1,1,1,1,1,5,5,5,5,5
"901",1,0,0,0,0,0,1,0,0,1,1,1,1,1,0,0,1,0,0,0,0,0,0,1,0,0,1,0,1,1,3,4,3,5,3
"902",1,1,1,1,1,1,1,1,1,0,1,1,1,1,1,1,0,0,1,1,1,1,1,1,1,1,1,1,1,1,5,5,5,5,5
"903",1,1,0,0,0,0,1,1,1,0,1,1,1,1,1,0,1,0,0,1,1,0,0,1,1,0,1,0,0,1,5,4,5,4,4
"904",1,1,1,1,1,1,1,1,1,0,1,1,1,1,1,1,0,0,1,1,0,1,1,1,1,0,1,1,1,1,4,5,3,5,4
"905",1,1,1,1,1,1,1,1,1,0,1,1,1,1,1,1,0,0,1,1,0,1,1,1,1,0,1,1,1,1,4,4,2,2,5
"906",1,1,0,0,1,1,1,1,0,0,1,1,1,1,1,1,1,0,0,0,0,1,0,1,1,0,1,0,1,1,4,4,1,3,3
"907",1,1,1,0,1,0,1,0,1,0,1,1,1,0,1,1,0,0,1,1,0,0,0,1,1,0,1,0,1,1,3,4,5,5,3
"908",1,1,0,1,1,1,1,0,0,0,1,1,1,1,1,0,0,0,1,1,0,1,1,1,1,1,1,0,1,1,4,5,4,3,3
"909",1,1,1,1,1,1,1,1,1,0,1,1,1,1,1,1,0,1,1,1,1,1,1,1,1,1,1,1,1,1,5,5,5,5,5
"910",1,1,1,1,0,0,1,0,0,0,0,1,1,0,1,1,1,0,1,1,0,1,0,1,1,0,1,1,1,0,4,3,5,5,3
"911",1,1,1,1,1,1,1,1,1,0,1,1,1,1,1,1,0,1,1,1,0,1,1,1,1,1,1,1,1,1,5,5,5,5,5
"912",1,1,1,1,1,1,1,1,1,0,1,0,1,1,1,1,0,0,0,1,0,1,1,1,1,1,1,1,1,1,5,4,5,3,4
"913",1,0,0,0,0,1,1,1,0,0,0,1,1,0,0,0,1,0,0,0,0,0,0,1,1,0,1,1,1,0,4,3,2,5,4
"914",1,1,1,1,1,1,1,0,1,0,1,1,1,1,1,1,0,0,1,1,0,0,0,1,1,0,1,1,1,1,4,4,5,4,3
"915",0,0,0,0,0,0,0,0,0,0,0,1,1,0,0,0,1,0,1,0,0,1,0,0,0,1,0,0,0,0,1,1,4,1,1
"916",0,0,0,0,0,1,1,0,0,1,1,1,1,0,0,0,0,0,1,0,0,0,0,0,0,1,1,0,0,1,3,4,3,5,2
"917",0,1,0,0,1,0,1,0,0,0,0,1,1,0,1,1,0,0,1,1,0,1,0,1,1,0,1,0,1,1,4,4,5,3,4
"918",0,1,0,0,1,0,1,0,0,1,0,1,1,0,1,0,0,0,1,0,0,1,0,0,1,0,1,0,1,1,4,1,3,1,3
"919",1,0,1,0,0,0,0,0,0,0,1,0,1,1,1,0,1,0,0,0,0,0,0,0,0,0,1,0,0,1,3,3,3,4,2
"920",1,1,0,1,0,0,1,1,0,1,1,0,1,0,1,0,1,0,0,1,0,1,1,1,1,0,1,1,1,1,4,4,5,3,5
"921",0,1,0,0,1,1,1,1,0,1,1,0,1,0,1,1,1,0,1,0,0,1,0,1,1,0,1,0,1,1,5,3,4,5,2
"922",1,1,0,0,0,1,1,0,0,1,0,1,1,0,1,0,1,0,0,0,0,1,0,0,0,0,1,1,1,1,3,3,5,5,3
"923",1,1,1,0,0,0,1,1,1,1,0,1,1,0,0,0,0,0,0,0,0,0,0,1,1,0,1,0,1,1,4,3,5,5,4
"924",1,1,0,0,0,1,1,0,1,1,1,1,1,0,0,0,0,0,0,1,0,0,1,1,1,0,1,0,0,1,4,4,3,5,4
"925",1,1,1,0,1,1,1,0,1,0,1,0,1,1,1,0,1,0,1,1,0,0,0,1,1,1,1,0,1,1,4,3,3,5,4
"926",1,1,1,1,0,1,1,1,1,0,1,1,1,1,1,1,0,0,1,1,0,1,1,1,1,1,1,0,1,1,4,4,5,5,5
"927",1,1,1,1,1,0,1,1,1,0,1,1,1,1,1,1,1,0,1,1,1,1,1,1,1,1,1,1,1,1,5,5,3,5,5
"928",0,0,0,0,0,0,1,0,0,0,0,0,0,0,1,0,0,0,0,1,0,1,0,0,0,0,1,0,1,0,3,1,2,2,3
"929",0,1,1,1,1,1,1,1,1,0,1,1,1,1,1,1,0,1,1,1,0,1,1,1,1,1,1,1,1,1,4,5,5,5,5
"930",0,0,1,0,0,1,0,0,0,0,1,1,0,0,0,0,0,0,0,0,0,0,0,1,1,0,1,0,1,1,2,4,5,2,1
"931",1,0,1,0,1,0,1,1,0,0,0,0,1,0,0,0,0,0,0,0,0,0,0,1,1,0,1,0,0,1,1,3,1,2,3
"932",1,1,1,0,1,1,1,1,1,0,1,0,1,1,1,1,0,1,1,1,1,1,1,1,1,0,1,1,1,1,5,5,3,5,5
"933",0,1,1,1,1,0,1,1,1,1,1,1,1,1,1,1,0,1,1,1,0,0,1,1,1,1,1,1,1,1,4,5,5,5,5
"934",1,1,1,1,1,1,1,1,1,0,1,1,1,1,1,1,0,1,1,1,1,1,1,1,1,1,1,1,1,1,5,5,4,5,5
"935",1,1,0,1,0,0,0,0,0,0,1,1,1,0,1,0,0,0,0,1,0,0,0,1,1,0,1,1,1,1,5,3,4,4,1
"936",1,1,1,0,0,0,1,1,0,1,1,1,1,1,1,1,0,0,1,0,0,0,0,1,1,0,0,0,0,1,4,4,5,4,4
"937",1,1,0,0,1,0,1,0,1,0,0,0,1,1,1,0,0,0,1,1,0,0,0,1,1,0,1,0,1,1,4,5,4,5,3
"938",1,1,1,1,1,0,1,1,1,0,1,1,1,1,1,1,0,0,1,1,0,1,0,1,1,1,1,1,1,1,4,4,3,5,5
"939",1,1,1,0,0,0,1,1,1,0,1,1,1,1,1,0,1,1,0,1,0,0,1,1,1,0,1,1,1,1,4,5,5,4,3
"940",1,1,0,0,0,1,1,0,0,1,1,0,1,0,0,0,1,0,1,0,0,1,0,1,1,1,1,0,0,1,4,2,5,4,3
"941",1,1,0,0,0,0,1,0,1,1,1,1,1,1,1,1,0,0,1,1,0,0,0,1,1,0,1,0,1,1,4,3,5,3,5
"942",0,1,1,0,0,1,1,0,1,1,1,1,1,1,1,1,1,0,0,1,0,0,0,1,1,0,1,0,1,0,4,2,3,5,3
"943",1,1,0,0,1,1,1,1,1,0,1,0,1,1,1,1,0,0,1,1,0,1,0,1,1,1,1,1,1,1,5,5,5,5,3
"944",1,1,1,0,1,1,1,1,1,0,1,1,1,1,1,1,0,0,1,1,0,1,1,1,1,1,1,1,1,1,5,5,5,5,4
"945",1,1,0,1,1,1,1,1,1,1,1,1,1,1,1,1,0,1,1,1,1,0,1,1,1,0,1,1,1,1,4,5,5,5,5
"946",1,1,0,1,1,1,1,1,0,0,1,1,1,1,1,0,0,0,1,1,0,0,0,1,1,0,1,1,1,1,4,5,5,5,5
"947",1,1,0,0,0,0,1,0,0,0,1,0,1,1,1,1,0,0,1,1,0,1,0,1,1,1,1,0,1,1,4,4,3,3,3
"948",1,0,0,0,1,1,1,0,0,0,1,0,1,1,1,1,1,0,1,1,0,0,0,1,1,0,1,0,1,1,5,4,3,5,5
"949",1,1,1,1,1,1,1,1,1,0,1,1,1,1,1,1,0,0,1,1,0,1,0,1,1,0,1,1,1,1,4,5,3,5,4
"950",0,0,0,0,0,1,0,0,0,0,0,1,1,0,0,0,1,0,1,0,0,0,0,0,0,0,1,0,0,0,2,1,5,1,3
"951",1,0,0,0,0,1,1,0,0,0,0,0,0,0,1,0,0,0,1,0,0,0,0,0,0,0,0,0,0,0,1,2,2,1,1
"952",1,1,0,0,1,1,1,1,1,0,1,1,1,1,0,1,0,0,1,1,0,0,1,1,1,1,1,1,1,1,5,4,5,5,3
"953",0,0,0,0,0,1,1,0,0,0,1,0,1,0,1,0,1,0,1,0,1,1,1,0,1,1,1,1,0,1,3,2,5,2,3
"954",0,0,1,0,0,0,1,0,0,0,0,1,1,1,1,0,1,0,0,0,0,1,1,0,1,0,1,0,1,1,3,3,1,5,3
"955",0,0,1,0,0,0,0,0,1,0,1,0,1,0,0,0,1,0,1,0,1,0,0,1,1,0,1,0,1,0,3,4,1,3,1
"956",1,0,0,0,0,1,1,0,0,0,0,1,0,1,1,0,0,0,0,0,0,1,0,0,1,0,1,1,0,1,3,4,3,5,4
"957",1,1,0,0,0,1,1,0,1,1,1,1,1,0,1,0,0,0,1,0,0,0,0,1,1,0,1,0,0,1,4,3,5,2,3
"958",1,0,1,1,0,0,1,1,0,0,0,1,1,1,0,0,1,0,0,0,0,0,0,0,1,0,1,0,0,0,3,4,5,2,4
"959",0,1,0,0,0,0,1,0,0,0,1,1,0,0,1,0,1,0,1,0,0,1,0,1,1,0,1,0,1,1,3,1,5,2,1
"960",1,1,0,0,0,1,1,0,0,1,0,1,1,0,1,0,0,0,0,0,0,0,0,1,1,0,1,1,1,1,3,4,2,3,3
"961",1,1,0,0,0,1,1,0,1,0,1,0,1,0,1,1,0,0,0,1,0,0,1,1,1,0,1,1,1,1,4,4,3,5,5
"962",1,1,1,1,1,1,1,1,1,0,1,1,1,1,1,1,0,0,1,1,0,1,1,1,1,1,1,1,1,1,4,5,5,5,5
"963",1,1,0,0,0,0,1,0,1,1,1,1,1,0,1,1,0,0,1,1,0,1,0,1,1,0,1,1,1,1,5,5,3,5,4
"964",1,0,0,0,0,0,1,0,0,0,0,1,1,0,1,0,1,0,0,0,0,1,0,1,0,0,1,0,0,1,3,3,5,2,2
"965",1,1,1,1,1,0,1,0,1,0,1,1,1,1,1,1,0,0,1,1,1,0,1,1,1,1,1,1,1,1,4,5,5,5,5
"966",0,1,0,0,0,1,1,0,0,1,0,1,1,1,1,0,1,0,1,0,0,0,0,1,1,1,1,0,1,1,4,4,5,3,4
"967",1,1,1,0,0,1,1,1,1,0,1,1,1,1,1,1,0,1,1,1,0,1,1,1,1,1,1,1,1,1,4,4,5,4,5
"968",1,1,0,0,1,1,1,0,1,0,1,1,1,1,1,0,1,0,1,0,0,0,0,1,1,0,1,0,1,1,4,4,4,4,3
"969",0,1,0,0,0,1,0,0,0,0,0,0,1,0,1,0,1,0,0,0,1,1,0,1,1,0,1,0,1,1,3,1,1,1,2
"970",1,1,0,0,0,0,0,0,0,0,1,0,1,1,0,0,1,0,0,0,0,0,0,1,0,0,0,0,0,0,2,1,1,4,1
"971",0,1,0,0,0,0,1,0,1,0,1,1,1,0,0,0,0,0,0,0,0,1,0,0,1,0,1,0,1,0,3,3,5,3,3
"972",1,0,0,0,0,1,0,0,0,0,1,1,1,0,0,0,1,1,0,1,0,0,0,0,0,1,1,1,0,1,2,1,5,2,2
"973",1,0,0,1,0,0,1,0,0,0,0,1,1,0,0,0,1,0,1,0,0,0,0,1,1,0,1,0,1,1,3,2,5,3,4
"974",1,1,1,1,1,1,1,1,1,1,1,1,1,1,1,0,0,1,1,1,0,1,0,1,1,1,1,1,1,1,3,4,5,5,1
"975",1,1,0,0,1,1,1,0,1,1,1,1,1,0,1,0,0,0,0,1,0,0,0,1,1,0,1,0,1,1,3,4,4,4,3
"976",1,1,1,1,1,1,1,0,1,1,1,1,1,1,1,1,0,1,1,1,1,1,1,1,1,0,1,0,1,1,5,5,4,5,5
"977",1,0,0,0,0,0,0,0,0,0,0,1,1,0,0,0,1,0,0,1,0,0,0,0,0,0,1,1,0,0,2,3,3,4,1
"978",1,1,1,1,1,1,1,1,1,0,1,1,1,1,1,1,1,1,1,1,1,1,1,1,1,1,1,1,1,1,5,5,5,5,5
"979",1,0,1,0,1,1,1,0,0,0,0,0,1,1,0,0,1,0,0,0,0,0,0,0,0,1,0,0,1,1,3,1,1,1,1
"980",1,1,0,0,0,1,1,1,1,0,1,1,1,1,1,0,1,0,1,1,0,0,1,1,1,0,1,1,1,1,4,4,2,5,5
"981",1,1,1,1,1,1,1,1,1,0,1,1,1,1,1,1,0,0,1,1,1,1,1,1,1,1,1,1,1,1,5,5,5,5,4
"982",1,1,0,0,1,1,1,1,0,1,1,1,0,0,1,1,0,1,1,1,0,0,1,1,1,0,1,1,1,1,4,4,4,5,3
"983",1,1,0,0,0,0,1,1,0,1,1,0,1,1,1,0,0,0,0,0,0,1,0,1,1,1,1,0,0,1,3,4,2,4,3
"984",1,1,0,0,1,1,1,1,1,1,0,1,1,1,1,1,0,0,0,1,0,1,0,1,1,0,1,1,1,1,5,4,5,5,4
"985",1,1,0,1,0,0,1,1,1,1,0,1,1,1,1,1,0,0,0,1,0,1,0,1,1,1,1,0,1,1,4,4,3,5,5
"986",1,0,0,0,1,0,1,0,0,0,0,0,1,0,0,0,1,0,0,0,0,0,1,0,1,1,1,0,1,1,4,4,5,3,2
"987",1,1,1,1,1,1,1,1,1,0,1,1,1,1,1,1,0,0,1,1,1,1,1,1,1,0,1,1,1,1,5,5,5,5,5
"988",1,1,1,0,0,0,1,1,0,0,0,1,1,1,1,0,0,0,0,1,0,0,0,1,1,0,1,1,1,1,4,5,3,1,4
"989",1,1,0,0,1,0,1,1,0,1,0,1,1,0,0,0,1,0,1,1,0,0,0,1,1,1,1,0,1,1,4,4,2,5,3
"990",1,1,0,0,1,1,1,0,1,1,0,1,1,1,1,0,1,0,0,1,0,0,1,1,1,1,1,0,1,1,3,3,5,5,3
"991",0,0,0,0,1,0,0,0,0,0,0,0,1,0,0,0,1,0,0,1,0,0,0,0,1,1,1,0,0,0,2,2,1,2,3
"992",1,1,0,0,1,1,1,1,1,0,1,0,1,1,1,1,0,0,1,1,0,0,1,1,1,0,1,1,1,1,4,5,5,5,5
"993",0,0,0,0,1,1,0,0,1,0,1,0,0,0,0,0,1,0,1,0,0,0,0,0,0,1,0,0,0,0,1,1,1,1,1
"994",1,1,1,1,1,1,1,1,1,0,1,1,1,1,1,1,0,1,1,1,1,1,1,1,1,1,1,1,1,1,5,5,5,5,5
"995",1,1,1,1,1,1,1,1,1,0,1,1,1,1,1,1,0,1,1,1,1,0,1,1,1,1,1,1,1,1,5,5,1,5,5
"996",1,1,1,1,1,1,1,1,1,0,1,0,1,1,1,0,0,1,1,1,0,0,0,1,1,1,1,1,1,1,5,5,3,5,5
"997",1,1,1,0,0,1,1,1,0,0,1,0,1,0,1,0,0,0,1,0,0,1,0,1,1,0,1,0,1,1,3,4,1,5,1
"998",1,1,0,0,0,1,1,1,1,1,0,1,1,0,0,0,1,0,0,1,0,1,0,1,1,0,1,0,1,1,4,3,5,5,3
"999",0,0,0,0,0,1,1,1,0,0,1,0,0,0,1,0,1,0,0,0,0,0,0,0,1,1,1,0,0,0,2,3,1,4,1
"1000",0,0,0,0,0,0,0,0,0,0,0,0,1,0,1,0,0,0,0,0,0,0,0,0,0,0,1,0,1,0,3,2,4,2,1
